Date,Total Passengers,AvgPassengers,TotalTripDistance,AvgTripDistance,TotalFareAmount,AvgFareAmount,TotalExtraAmount,AvgExtraAmount,TotalMTATax,AvgMTATax,TotalTipAmount,AvgTipAmount,TotalTollsAmount,AvgTollsAmount,TotalTotalAmount,AvgTotalAmount,TotalNoOfTrips,Day
1/1/2015,660421,1.8,1034291.44,2.82,4236811.39,11.56,100942.6,0.28,182563.5,0.5,425376.65,1.16,2036,0.01,5056737.13,13.8,366391,Thursday
1/2/2015,575299,1.75,799195.12,2.43,3518805.33,10.7,133920.05,0.41,164114.5,0.5,361008.52,1.1,1404,0,4277279.2,13,328934,Friday
1/3/2015,694001,1.77,951979.39,2.43,4124436.35,10.53,77689.8,0.2,195440.5,0.5,443548.23,1.13,2220,0.01,4960264.26,12.66,391714,Saturday
1/4/2015,531441,1.72,840086.11,2.71,3426049.03,11.06,60489.2,0.2,154478,0.5,387573.21,1.25,1481,0,4122610.88,13.31,309846,Sunday
1/5/2015,564583,1.65,826494.99,2.41,3618776.33,10.56,130209.53,0.38,171027.5,0.5,429035.71,1.25,1249,0,4452699.47,12.99,342840,Monday
1/6/2015,603433,1.64,831741.45,2.26,3893241.74,10.59,137944.76,0.38,183392,0.5,485024.52,1.32,1610,0,4811082.11,13.09,367676,Tuesday
1/7/2015,678840,1.64,920477.51,2.23,4293014.52,10.39,156710.2,0.38,206037,0.5,546306.58,1.32,1662,0,5327208.29,12.9,412994,Wednesday
1/8/2015,713531,1.65,961903.86,2.23,4552372.22,10.53,161801.75,0.37,215651,0.5,589446.17,1.36,1291,0,5649825.07,13.07,432281,Thursday
1/9/2015,715002,1.67,975776.11,2.27,4637558.59,10.8,173712.39,0.4,214165.5,0.5,590287.58,1.38,1410,0,5745582.74,13.39,429234,Friday
1/10/2015,866240,1.73,1159592.58,2.32,5247816.47,10.49,103470,0.21,249630.5,0.5,641436.67,1.28,1049,0,6393153.24,12.78,500294,Saturday
1/11/2015,684327,1.71,1013074.88,2.53,4272138.31,10.69,79940.8,0.2,199386.5,0.5,528256.48,1.32,1382,0,5200739.01,13.01,399699,Sunday
1/12/2015,614222,1.63,852968.73,2.27,3965390.09,10.54,134825.53,0.36,187711,0.5,512027.99,1.36,1007,0,4913612.66,13.06,376215,Monday
1/13/2015,700922,1.64,948278.76,2.21,4549272.49,10.62,156522.06,0.37,213700,0.5,604312.4,1.41,1415,0,5653423.44,13.2,428339,Tuesday
1/14/2015,689103,1.63,953252.19,2.26,4498153.06,10.67,155151.04,0.37,210304,0.5,599465.32,1.42,2001,0,5591299.67,13.26,421609,Wednesday
1/15/2015,702490,1.64,992507.18,2.31,4687638.78,10.93,158836.54,0.37,213979.5,0.5,623242.9,1.45,1928,0,5814121.2,13.55,429014,Thursday
1/16/2015,756684,1.66,1058117.73,2.32,4924599.82,10.8,177085.58,0.39,227354,0.5,630570.8,1.38,1618,0,6097858.93,13.38,455811,Friday
1/17/2015,804694,1.74,1097196.67,2.37,4893769.46,10.57,96593.33,0.21,230944,0.5,586000.86,1.27,1298,0,5947292.34,12.85,462896,Saturday
1/18/2015,716548,1.74,1018327.42,2.47,4344644.48,10.55,81747.87,0.2,205465,0.5,523127.77,1.27,1266,0,5279681.54,12.82,411879,Sunday
1/19/2015,538843,1.67,793504.04,2.47,3370508.26,10.48,53349.4,0.17,160476,0.5,419695.88,1.3,1333,0,4101761.82,12.75,321704,Monday
1/20/2015,627693,1.63,887050.3,2.3,4139567.48,10.72,142748.56,0.37,192580.5,0.5,546460.62,1.42,1899,0,5138984.93,13.31,386033,Tuesday
1/21/2015,672160,1.63,931461.58,2.26,4395109.64,10.65,154456.05,0.37,205864,0.5,597485.02,1.45,1267,0,5477935.49,13.28,412612,Wednesday
1/22/2015,703255,1.63,987974.1,2.29,4666805.91,10.83,164235.88,0.38,214922.5,0.5,637520.97,1.48,2209,0.01,5814910.82,13.5,430779,Thursday
1/23/2015,748038,1.66,1040097.79,2.3,4946841.44,10.95,174362.25,0.39,225410,0.5,653380.72,1.45,1566,0,6137129.92,13.58,451870,Friday
1/24/2015,777532,1.73,1054159.08,2.35,4644410.61,10.36,93342.09,0.21,223725,0.5,589335.26,1.31,1192,0,5686548.12,12.68,448440,Saturday
1/25/2015,661717,1.7,987611.01,2.54,4209054.95,10.82,79033.7,0.2,193935,0.5,532908.71,1.37,1508,0,5133077.29,13.2,388831,Sunday
1/26/2015,358308,1.63,474867.55,2.16,2331907.81,10.6,40787.06,0.19,109721.5,0.5,294070.91,1.34,1162,0.01,2843657.38,12.92,220077,Monday
1/27/2015,228902,1.71,278131.02,2.08,1190943.17,8.91,71706.8,0.54,66742.5,0.5,159149.37,1.19,133,0,1528753.41,11.44,133640,Tuesday
1/28/2015,592348,1.63,830905.61,2.29,3947470.57,10.88,137997.58,0.38,181096.5,0.5,528547.34,1.46,1173,0,4905154.61,13.51,362955,Wednesday
1/29/2015,672190,1.63,951868.56,2.31,4712743.59,11.42,154365.5,0.37,205780.5,0.5,634823.55,1.54,1149,0,5832629.08,14.14,412510,Thursday
1/30/2015,767828,1.65,1057504.66,2.28,5126458.9,11.05,180283.5,0.39,231489.5,0.5,677706.84,1.46,1382,0,6356590.79,13.7,463966,Friday
1/31/2015,874472,1.73,1177981.57,2.33,5397861.71,10.66,103808.5,0.2,252741,0.5,687092.11,1.36,1213,0,6594686.94,13.02,506451,Saturday
2/1/2015,698580,1.72,1038718.03,2.55,4391152.77,10.8,84700.88,0.21,202839,0.5,565993.75,1.39,1476,0,5368137.58,13.2,406663,Sunday
2/2/2015,531646,1.65,732533.27,2.28,3406990.11,10.59,117047.64,0.36,160387.5,0.5,448556.98,1.39,1051,0,4231587.59,13.16,321598,Monday
2/3/2015,652685,1.64,920427.82,2.31,4559635.23,11.43,146601.37,0.37,198941.5,0.5,613387.1,1.54,1677,0,5639899.06,14.14,398903,Tuesday
2/4/2015,643886,1.63,904547.18,2.28,4555564.06,11.5,140161.5,0.35,197508,0.5,617568,1.56,1515,0,5631084.14,14.22,396011,Wednesday
2/5/2015,715623,1.63,993559.58,2.27,4874646.56,11.12,164465.4,0.38,218675,0.5,668761,1.53,1963,0,6129960.94,13.98,438331,Thursday
2/6/2015,753411,1.65,1039347.38,2.28,5130677.67,11.25,172242.8,0.38,227628,0.5,681169.96,1.49,1888,0,6350470.8,13.92,456181,Friday
2/7/2015,815116,1.72,1127282.47,2.38,5133796.97,10.86,98794.55,0.21,235950.5,0.5,647421.03,1.37,953,0,6258820.52,13.24,472781,Saturday
2/8/2015,670649,1.71,1014928.79,2.59,4284156.49,10.92,80567.5,0.21,195673,0.5,545336.39,1.39,1529,0,5225007.92,13.31,392417,Sunday
2/9/2015,591269,1.62,822494.51,2.26,3765407.4,10.33,137157.2,0.38,181856.5,0.5,509122.27,1.4,2335,0.01,4705247.14,12.91,364482,Monday
2/10/2015,656961,1.62,921658.88,2.28,4410814.23,10.9,151591.7,0.37,201930.5,0.5,606289.63,1.5,938,0,5492985.12,13.57,404715,Tuesday
2/11/2015,693815,1.63,966929.79,2.27,4767770.21,11.19,155764.2,0.37,212530.5,0.5,658564.54,1.55,1662,0,5924137.3,13.91,426020,Wednesday
2/12/2015,720895,1.64,1019336.13,2.32,5029555.37,11.44,163767.9,0.37,219371,0.5,687550.92,1.56,1606,0,6233801.91,14.17,439801,Thursday
2/13/2015,763820,1.66,1077025.67,2.34,5513737.78,11.97,165569.03,0.36,229672.5,0.5,716857.7,1.56,2356,0.01,6766532.08,14.69,460500,Friday
2/14/2015,845248,1.74,1186139.83,2.43,5527753.7,11.35,101811.43,0.21,243040,0.5,671033.52,1.38,1719,0,6691528.45,13.74,487142,Saturday
2/15/2015,769703,1.73,1094350.55,2.47,4824816.02,10.87,89847.82,0.2,221485,0.5,581812.26,1.31,1692,0,5852871.79,13.18,443940,Sunday
2/16/2015,656985,1.69,941507.63,2.42,4057619.99,10.41,64351.89,0.17,194263,0.5,507683.94,1.3,2082,0.01,4943110.05,12.69,389613,Monday
2/17/2015,622180,1.67,877601.65,2.35,4103590.61,10.99,145242.2,0.39,186195.5,0.5,540014.14,1.45,1556,0,5088598.37,13.63,373289,Tuesday
2/18/2015,684336,1.65,957807.67,2.31,4616356.92,11.11,153993.8,0.37,207255.5,0.5,611448.34,1.47,1438,0,5715136.66,13.76,415403,Wednesday
2/19/2015,749271,1.64,1041051.13,2.28,5034099.3,11.04,170186.2,0.37,227488,0.5,675396.72,1.48,1651,0,6245633.35,13.7,456017,Thursday
2/20/2015,791403,1.66,1088947.86,2.28,5556039.41,11.64,180331.92,0.38,238182.5,0.5,687420.76,1.44,2197,0,6807451.89,14.26,477403,Friday
2/21/2015,764678,1.73,1050476.08,2.38,4909580.1,11.1,91531.6,0.21,220711,0.5,614495.07,1.39,1241,0,5973588.42,13.51,442298,Saturday
2/22/2015,645836,1.71,997329.23,2.64,4232784.37,11.18,71145,0.19,188758.5,0.5,535886.56,1.42,1468,0,5143624.68,13.59,378443,Sunday
2/23/2015,671045,1.64,959644.09,2.35,4447267.01,10.88,157042.43,0.38,203974.5,0.5,593769.89,1.45,1302,0,5526002.96,13.52,408805,Monday
2/24/2015,697800,1.63,969703.94,2.26,4836613.67,11.29,156336.62,0.36,213809,0.5,644674.17,1.5,1346,0,6067691.24,14.16,428547,Tuesday
2/25/2015,691608,1.64,977522.18,2.31,4737663.12,11.22,154303.24,0.37,210675,0.5,648090.48,1.53,1493,0,5878942.59,13.92,422325,Wednesday
2/26/2015,730598,1.63,1050113.03,2.34,5055086.81,11.28,165953.37,0.37,223585,0.5,693143.44,1.55,1906,0,6274191.91,14,448237,Thursday
2/27/2015,770801,1.66,1091541.91,2.35,5281944.88,11.38,176529.83,0.38,231598.5,0.5,694100.33,1.5,1661,0,6525143.76,14.05,464258,Friday
2/28/2015,837034,1.73,1169402.12,2.41,5356766.92,11.06,102601,0.21,241664.5,0.5,664103.29,1.37,1297,0,6511777.57,13.45,484324,Saturday
3/1/2015,629670,1.71,957522.77,2.6,4162731.33,11.32,76906.5,0.21,183348,0.5,518659.43,1.41,2768,0.01,5603204.06,15.24,367742,Sunday
3/2/2015,589368,1.62,886526.27,2.44,4041729.84,11.13,138178.5,0.38,181052.5,0.5,532108.54,1.47,1651,0,5003797.91,13.78,363067,Monday
3/3/2015,613936,1.62,859802.02,2.27,4391856.79,11.61,128257.9,0.34,188761.5,0.5,584195.89,1.54,1207,0,5407835.67,14.29,378435,Tuesday
3/4/2015,675726,1.63,947418.77,2.29,4627660.58,11.18,150238.7,0.36,206441.5,0.5,633666.23,1.53,1347,0,5743538.63,13.88,413769,Wednesday
3/5/2015,584685,1.65,794130.04,2.25,3816147.37,10.79,127584.98,0.36,176311.5,0.5,513583.15,1.45,1732,0,4741433.09,13.41,353587,Thursday
3/6/2015,701690,1.67,1010680.15,2.4,4999541.18,11.89,158274.08,0.38,209727.5,0.5,653772.31,1.55,2948,0.01,6150450.48,14.62,420646,Friday
3/7/2015,843475,1.73,1189005.36,2.44,5435178.42,11.16,102480.08,0.21,242943.5,0.5,672695.65,1.38,1178,0,6603937.94,13.56,486942,Saturday
3/8/2015,669879,1.72,1030168.33,2.64,4508706.81,11.56,78862.6,0.2,194521,0.5,546696.54,1.4,1627,0,5447512.62,13.96,390141,Sunday
3/9/2015,604255,1.64,878696.01,2.38,4142423.17,11.23,136190.54,0.37,184032.5,0.5,527567.18,1.43,1771,0,5102717.47,13.83,368896,Monday
3/10/2015,641004,1.63,907825.51,2.31,4529690,11.53,141793.77,0.36,195982.5,0.5,598694.84,1.52,1144,0,5585159.79,14.22,392842,Tuesday
3/11/2015,662831,1.63,953248.67,2.35,4623584.67,11.39,148045.01,0.36,202490.5,0.5,622932.12,1.53,1664,0,5720538.81,14.09,405933,Wednesday
3/12/2015,715719,1.64,1022464.58,2.34,4932914.83,11.31,161650.59,0.37,217626,0.5,665939.33,1.53,4321,0.01,6113389.69,14.01,436337,Thursday
3/13/2015,754048,1.67,1071948.08,2.37,5111878.97,11.3,173905.9,0.38,225602,0.5,666748.47,1.47,2947,0.01,6316826.21,13.96,452374,Friday
3/14/2015,831191,1.73,1149743.08,2.4,5205351.45,10.85,101884.5,0.21,239388,0.5,647081.87,1.35,1543,0,6339239.32,13.21,479825,Saturday
3/15/2015,683126,1.72,1029772.95,2.59,4433502.23,11.14,81152,0.2,198516,0.5,546374.47,1.37,1792,0,5380765.57,13.52,398007,Sunday
3/16/2015,572947,1.64,857752.7,2.45,3905536.18,11.15,129274,0.37,174748,0.5,499879.96,1.43,1467,0,4816038.93,13.75,350363,Monday
3/17/2015,650512,1.65,923291.9,2.35,4372178.36,11.11,158168.5,0.4,196308.5,0.5,569032.42,1.45,1901,0,5415654.53,13.76,393479,Tuesday
3/18/2015,705789,1.64,1003057.52,2.33,4801116.29,11.17,160099.96,0.37,214423.5,0.5,640237.55,1.49,1495,0,5946379.04,13.83,429925,Wednesday
3/19/2015,699115,1.64,1001532.41,2.35,4828498.07,11.32,157675.5,0.37,212670.5,0.5,650217.53,1.52,1964,0,5979089.96,14.02,426382,Thursday
3/20/2015,726314,1.66,1001155.8,2.29,4778634.74,10.95,166422,0.38,217628,0.5,627073.09,1.44,1944,0,5922601.37,13.57,436317,Friday
3/21/2015,777478,1.73,1100286.32,2.45,4961405.85,11.03,93530.09,0.21,224345,0.5,610110.35,1.36,1489,0,6025869.29,13.4,449688,Saturday
3/22/2015,694015,1.71,1064420.1,2.63,5060651.61,12.5,86202.81,0.21,201939.5,0.5,562544.09,1.39,2152,0.01,6035013.92,14.9,404904,Sunday
3/23/2015,599238,1.64,867242.84,2.37,3967102.32,10.84,136314.5,0.37,182528.5,0.5,519803.92,1.42,2039,0.01,4917589.07,13.44,365932,Monday
3/24/2015,637352,1.63,911052.88,2.33,4319195.2,11.05,144020.17,0.37,195022.5,0.5,579427.23,1.48,1356,0,5356283.54,13.7,390851,Tuesday
3/25/2015,661512,1.64,942260.28,2.33,4547517.81,11.24,151575.55,0.37,201842,0.5,614935.73,1.52,2822,0.01,5640050.24,13.94,404562,Wednesday
3/26/2015,662559,1.64,951662.83,2.35,4706128.07,11.64,146470.77,0.36,201602,0.5,629963.94,1.56,1962,0,5807424.95,14.37,404213,Thursday
3/27/2015,730618,1.66,1051654.29,2.39,5019739.27,11.39,168767.2,0.38,219837.5,0.5,656607.82,1.49,1694,0,6198878.8,14.07,440640,Friday
3/28/2015,853971,1.73,1187551.03,2.41,5580928.33,11.32,106834.5,0.22,246042.5,0.5,670225.9,1.36,1159,0,6753157.54,13.7,493098,Saturday
3/29/2015,690438,1.72,1049832.75,2.61,4587389.66,11.42,84597.74,0.21,200310,0.5,564854.27,1.41,1545,0,5559229.93,13.84,401578,Sunday
3/30/2015,603132,1.64,882275.95,2.4,4136006.73,11.24,135241.9,0.37,183686.5,0.5,527039.02,1.43,1499,0,5097305.67,13.85,368113,Monday
3/31/2015,671763,1.64,943026.95,2.3,4680740.72,11.43,149505.8,0.37,204234.5,0.5,610154.13,1.49,1477,0,5768969.22,14.09,409416,Tuesday
4/1/2015,690066,1.65,978257.81,2.34,4776991.13,11.41,152841.23,0.37,208877.5,0.5,628426.04,1.5,2372,0.01,5895155.29,14.08,418682,Wednesday
4/2/2015,696448,1.66,997762.59,2.37,4963153.74,11.81,152330,0.36,209642,0.5,637689.22,1.52,1726,0,6090674.3,14.49,420248,Thursday
4/3/2015,720525,1.7,1021265.56,2.41,4702807.77,11.12,162427,0.38,211006,0.5,579752.22,1.37,1548,0,5784695.61,13.67,423049,Friday
4/4/2015,752017,1.76,1046190.73,2.45,4649169.82,10.87,89215.4,0.21,213412,0.5,526345.3,1.23,1245,0,5611173.78,13.12,427708,Saturday
4/5/2015,624805,1.74,971433.33,2.71,4029243.26,11.25,72480,0.2,178630,0.5,462563.43,1.29,1597,0,4852025.71,13.55,358184,Sunday
4/6/2015,582520,1.66,858814.13,2.44,3873922.63,11.02,132464.03,0.38,175404.5,0.5,473275.99,1.35,2378,0.01,4762965.79,13.54,351684,Monday
4/7/2015,670298,1.65,930919.32,2.3,4446716.41,10.97,155319.04,0.38,202307.5,0.5,572823.54,1.41,1472,0,5500265.62,13.57,405442,Tuesday
4/8/2015,699198,1.65,980176.89,2.32,4752890.11,11.25,156962.09,0.37,210861.5,0.5,619627.53,1.47,2192,0.01,5869333.12,13.89,422654,Wednesday
4/9/2015,726370,1.66,1024103.01,2.34,4909295.63,11.22,162473.7,0.37,218282.5,0.5,647184.68,1.48,1824,0,6070322.62,13.87,437510,Thursday
4/10/2015,747331,1.68,1058873.63,2.38,5004147.4,11.22,170600.3,0.38,222401.5,0.5,638774,1.43,1684,0,6171405.86,13.84,445828,Friday
4/11/2015,799212,1.74,1147652.53,2.5,5301040.83,11.57,101421.5,0.22,228602.5,0.5,637577.3,1.39,1620,0,6407892.28,13.98,458232,Saturday
4/12/2015,663345,1.72,1044338.92,2.71,4456279.67,11.57,82046.2,0.21,192102,0.5,541102.01,1.4,2116,0.01,6039493.06,15.68,385249,Sunday
4/13/2015,578086,1.64,865465.88,2.45,4106572,11.63,131565.72,0.37,176123.5,0.5,494958.26,1.4,1760,0,5016912.42,14.21,353100,Monday
4/14/2015,636709,1.63,922837.61,2.36,4391734.52,11.24,144974.9,0.37,194945.5,0.5,583260.15,1.49,1350,0,5433499.5,13.91,390713,Tuesday
4/15/2015,660290,1.63,965636.45,2.39,4703984.76,11.65,148863.8,0.37,201517.5,0.5,622664.64,1.54,1417,0,5799652.27,14.36,403859,Wednesday
4/16/2015,697705,1.63,1023814.83,2.4,4967967.4,11.64,160406.6,0.38,212955.5,0.5,665149.74,1.56,1486,0,6136224,14.38,426866,Thursday
4/17/2015,739053,1.66,1066984.56,2.4,5164097.7,11.62,166889.1,0.38,221749.5,0.5,670651.95,1.51,1861,0,6358610.48,14.31,444454,Friday
4/18/2015,838086,1.73,1231182.98,2.55,5680405.33,11.74,101304,0.21,241400.5,0.5,692607.02,1.43,1260,0,6862201.92,14.19,483748,Saturday
4/19/2015,722650,1.72,1134781.63,2.69,4875664.31,11.57,86239.4,0.2,210123.5,0.5,598480.6,1.42,2227,0.01,5899373.72,14.01,421232,Sunday
4/20/2015,617431,1.64,874417.45,2.32,4187724.16,11.13,135404.82,0.36,187847,0.5,543338.57,1.44,1211,0,5168497.89,13.73,376419,Monday
4/21/2015,659568,1.64,957926.98,2.38,4598666.13,11.45,149898.71,0.37,200456.5,0.5,612119.7,1.52,2881,0.01,5684582.23,14.15,401784,Tuesday
4/22/2015,669136,1.63,966648.9,2.36,4749578.62,11.6,150702.43,0.37,204349.5,0.5,636236.44,1.55,2136,0.01,5865910.3,14.32,409621,Wednesday
4/23/2015,721602,1.65,1033475.48,2.36,5137093.4,11.73,162400.67,0.37,218534,0.5,683846.15,1.56,1520,0,6334857.97,14.46,438003,Thursday
4/24/2015,747079,1.67,1063201.24,2.37,5288875.89,11.79,168293.3,0.38,223737.5,0.5,678641.64,1.51,1868,0,6495985.46,14.48,448477,Friday
4/25/2015,816070,1.73,1178180.35,2.49,5440184.79,11.52,100844,0.21,235666.5,0.5,661848.43,1.4,1850,0,6582127.62,13.94,472312,Saturday
4/26/2015,681042,1.7,1081184.89,2.71,4672664.37,11.69,83309.5,0.21,199292.5,0.5,571703.26,1.43,2071,0.01,5648963.28,14.14,399604,Sunday
4/27/2015,602008,1.63,892193.99,2.42,4077609.35,11.05,137600.71,0.37,184126,0.5,529192.26,1.43,1644,0,5040938.72,13.66,369017,Monday
4/28/2015,638508,1.63,923406.92,2.36,4426752.45,11.34,145315.55,0.37,194887.5,0.5,588488.93,1.51,1395,0,5474013.44,14.02,390534,Tuesday
4/29/2015,663858,1.64,954146.65,2.36,4732586.25,11.71,148593.88,0.37,201589,0.5,628365.89,1.56,1543,0,5833914.75,14.44,404076,Wednesday
4/30/2015,687261,1.64,1012029.52,2.41,4971562.71,11.84,157857.67,0.38,209523.5,0.5,665592.17,1.58,1592,0,6132202.77,14.6,419991,Thursday
5/1/2015,729655,1.67,1050591.98,2.41,5139299.97,11.78,166855.74,0.38,217596,0.5,656585.01,1.51,2118,0,6318943.8,14.49,436190,Friday
5/2/2015,849241,1.73,1227222.05,2.5,5532579.05,11.28,103424.8,0.21,244805.5,0.5,668668.12,1.36,1619,0,6698311.28,13.65,490555,Saturday
5/3/2015,701865,1.72,1117890.1,2.74,4696170.35,11.5,86744.5,0.21,203714,0.5,564561.04,1.38,2237,0.01,5675991.65,13.89,408502,Sunday
5/4/2015,598183,1.64,888809.92,2.44,4159987.92,11.41,134926.9,0.37,181798,0.5,526578.84,1.44,1826,0.01,5114489.8,14.03,364455,Monday
5/5/2015,674671,1.65,969875.78,2.37,4638885.49,11.33,153496.5,0.37,204345.5,0.5,613721.47,1.5,1514,0,5734858.43,14.01,409484,Tuesday
5/6/2015,692026,1.65,997473.83,2.37,4843729.86,11.51,153529.7,0.36,209905.5,0.5,648179.78,1.54,2105,0.01,5983678.08,14.22,420680,Wednesday
5/7/2015,682831,1.64,999911.05,2.41,4925831.16,11.86,154617.84,0.37,207184,0.5,653538.5,1.57,1919,0,6068071.7,14.61,415306,Thursday
5/8/2015,703734,1.66,1028462.28,2.43,4990532.07,11.77,160517.5,0.38,211499,0.5,641502.01,1.51,2004,0,6133290.66,14.47,423989,Friday
5/9/2015,781947,1.73,1134910.71,2.51,5138055.06,11.37,92185.35,0.2,225454.5,0.5,620309.47,1.37,1465,0,6213088.77,13.75,451844,Saturday
5/10/2015,657810,1.72,1027664,2.69,4386465.62,11.49,75496,0.2,190366,0.5,519258.2,1.36,2710,0.01,5290034.48,13.86,381701,Sunday
5/11/2015,609670,1.65,899143.19,2.44,4212934.93,11.41,135848.2,0.37,184230.5,0.5,541870.38,1.47,1370,0,5187039.08,14.05,369172,Monday
5/12/2015,656505,1.64,957668.8,2.39,4701967.17,11.74,147702.35,0.37,199818.5,0.5,619943.17,1.55,1481,0,5791139.68,14.46,400442,Tuesday
5/13/2015,679255,1.65,991043.03,2.4,4916563.53,11.92,154207.9,0.37,205753,0.5,653899.93,1.59,1696,0,6055913.09,14.68,412420,Wednesday
5/14/2015,682766,1.66,1016346.26,2.47,5091940.17,12.37,148610.8,0.36,205340.5,0.5,670754.11,1.63,1923,0,6242119.74,15.16,411670,Thursday
5/15/2015,718511,1.67,1068607,2.49,5195131.93,12.1,166562.3,0.39,214129.5,0.5,662645.66,1.54,2408,0.01,6369798.06,14.84,429300,Friday
5/16/2015,798692,1.74,1180709.19,2.57,5521452.36,12.02,98260.5,0.21,229155,0.5,666614.72,1.45,1660,0,6654989.11,14.49,459380,Saturday
5/17/2015,678451,1.71,1083236.27,2.74,4667896.18,11.8,79553.1,0.2,197281.5,0.5,561621.04,1.42,2942,0.01,5628148.82,14.22,395653,Sunday
5/18/2015,622362,1.64,932900.12,2.46,4359815.51,11.52,140386.5,0.37,188833.5,0.5,553780.77,1.46,1909,0.01,5358312.86,14.16,378507,Monday
5/19/2015,667893,1.64,989179.58,2.43,4780942.55,11.77,148012.7,0.36,202664,0.5,625258.24,1.54,2391,0.01,5881225.28,14.48,406258,Tuesday
5/20/2015,687060,1.65,1012466.43,2.44,4940869.42,11.9,153024.3,0.37,207166,0.5,648845.4,1.56,2051,0,6076568.01,14.63,415274,Wednesday
5/21/2015,698524,1.66,1020798.48,2.43,5016153.47,11.92,153950.5,0.37,209933.5,0.5,658496.63,1.56,2555,0.01,6167370.91,14.65,420838,Thursday
5/22/2015,665719,1.68,975926.94,2.47,4585733.85,11.6,147774.3,0.37,197226,0.5,567321.31,1.43,1906,0,5618608.03,14.21,395410,Friday
5/23/2015,648430,1.76,959265.31,2.61,4134685.24,11.24,78296.3,0.21,183524,0.5,457444.45,1.24,1477,0,4965820.6,13.5,367869,Saturday
5/24/2015,569885,1.77,877953.63,2.73,3645617.58,11.34,68133.1,0.21,160417.5,0.5,392944.38,1.22,1185,0,4364792.73,13.57,321595,Sunday
5/25/2015,485601,1.73,794050.01,2.84,3164267.42,11.3,55298,0.2,139622.5,0.5,368520.21,1.32,1738,0.01,3813477.81,13.62,280004,Monday
5/26/2015,598320,1.65,876488.47,2.42,4110282.16,11.33,134121.5,0.37,181041,0.5,519897.8,1.43,1772,0,5056006.6,13.93,362870,Tuesday
5/27/2015,649240,1.65,924155.55,2.34,4616943.74,11.7,144397.05,0.37,196876.5,0.5,598521.22,1.52,1753,0,5676916.78,14.39,394604,Wednesday
5/28/2015,671763,1.65,972500.35,2.38,4857102.94,11.91,149457.62,0.37,203517.5,0.5,638405.53,1.57,1595,0,5972516.24,14.64,407901,Thursday
5/29/2015,697490,1.67,1014053.14,2.43,4932733.11,11.8,159727,0.38,208478.5,0.5,629153.94,1.51,1705,0,6057211.53,14.5,417868,Friday
5/30/2015,756128,1.73,1125466.51,2.58,5083532.69,11.66,92033,0.21,217551.5,0.5,611607.8,1.4,1429,0,6137008.8,14.08,435979,Saturday
5/31/2015,600478,1.72,978929.43,2.8,4391528.28,12.56,75174.51,0.22,174328.5,0.5,528937.92,1.51,1329,0,5276212.94,15.09,349616,Sunday
6/1/2015,616002,1.64,905952.1,2.41,4331948.94,11.53,140299.9,0.37,187374,0.5,560830.55,1.49,1706,0,5334890.81,14.2,375596,Monday
6/2/2015,649910,1.64,923869.59,2.33,4610573.01,11.63,144153,0.36,197796,0.5,617063.9,1.56,1347,0,5690540.51,14.36,396370,Tuesday
6/3/2015,661961,1.64,954908.78,2.37,4724736.39,11.74,147417.7,0.37,200906,0.5,626384.6,1.56,1369,0,5821641.58,14.46,402579,Wednesday
6/4/2015,693139,1.65,1011240.74,2.41,5009244.23,11.94,155870.2,0.37,209246.5,0.5,656392.04,1.56,1821,0,6158482.5,14.68,419622,Thursday
6/5/2015,714319,1.67,1034718,2.43,5041913.71,11.82,160684,0.38,212845,0.5,644198.58,1.51,1746,0,6189441.31,14.51,426609,Friday
6/6/2015,756588,1.74,1110580.76,2.56,4962622.47,11.42,93085.3,0.21,216811,0.5,591504.02,1.36,1466,0,5995906.83,13.8,434472,Saturday
6/7/2015,658654,1.73,1070287.45,2.81,4558362.88,11.97,81791,0.21,189864.5,0.5,549709.41,1.44,1568,0,5495544.16,14.43,380727,Sunday
6/8/2015,606673,1.66,892655.09,2.44,4178752.49,11.41,138600.11,0.38,182782,0.5,533872.6,1.46,1782,0,5145731.41,14.05,366299,Monday
6/9/2015,637295,1.65,910619.54,2.35,4476119.64,11.56,139984.5,0.36,193148,0.5,589378.43,1.52,1401,0,5516225.78,14.25,387056,Tuesday
6/10/2015,662238,1.65,958474,2.39,4713567.04,11.75,149145.6,0.37,200198.5,0.5,624978.68,1.56,1695,0,5810009.81,14.48,401228,Wednesday
6/11/2015,688481,1.66,988303.88,2.38,4934960.11,11.87,153768.65,0.37,207376,0.5,657077.46,1.58,1772,0,6079702.71,14.63,415674,Thursday
6/12/2015,703962,1.68,1011841.28,2.41,4917293.27,11.72,160992.1,0.38,209400,0.5,627924.29,1.5,2142,0.01,6043705.37,14.4,419729,Friday
6/13/2015,721194,1.74,1056965.19,2.56,4742079.39,11.47,88509.56,0.21,206217.5,0.5,558033.44,1.35,1424,0,5720312.45,13.84,413404,Saturday
6/14/2015,626353,1.74,980727.37,2.72,4176924.28,11.59,82205,0.23,179785.5,0.5,498787.49,1.38,1267,0,5047173.88,14,360501,Sunday
6/15/2015,577031,1.65,853190.46,2.43,3974107.99,11.33,128783.5,0.37,174939.5,0.5,512821.56,1.46,1372,0,4897215.8,13.97,350619,Monday
6/16/2015,620204,1.64,899552.51,2.38,4360931.82,11.54,138703.5,0.37,188547.5,0.5,582438.12,1.54,1587,0,5385608.25,14.25,377893,Tuesday
6/17/2015,663051,1.65,966882.88,2.41,4732577.86,11.78,149785.5,0.37,200518,0.5,632610.85,1.57,2100,0.01,5838173.12,14.53,401851,Wednesday
6/18/2015,666126,1.65,975524.78,2.41,4724096.96,11.67,149633.4,0.37,201946,0.5,634456.85,1.57,1971,0,5833561.46,14.41,404719,Thursday
6/19/2015,691552,1.68,1006774.47,2.44,4766776.79,11.56,158039,0.38,205781,0.5,611279,1.48,1830,0,5867481.27,14.23,412468,Friday
6/20/2015,693927,1.74,1020560.15,2.55,4546822.2,11.38,85346.3,0.21,199386.5,0.5,543150.99,1.36,1534,0,5502484.77,13.77,399571,Saturday
6/21/2015,602126,1.74,953306.39,2.75,3990170.87,11.52,72362.9,0.21,172796,0.5,473766.27,1.37,1651,0,4814792.65,13.9,346474,Sunday
6/22/2015,580381,1.66,859824.5,2.45,3950794.91,11.28,131761,0.38,174783,0.5,500671.34,1.43,1400,0,4864521.52,13.89,350292,Monday
6/23/2015,635285,1.65,896978.95,2.32,4380500.6,11.35,141662.3,0.37,192658,0.5,578521.76,1.5,1470,0,5410665.08,14.02,386035,Tuesday
6/24/2015,641556,1.65,929502.47,2.4,4565416.83,11.77,143011.53,0.37,193538.5,0.5,600215.42,1.55,1567,0,5620144.78,14.49,387898,Wednesday
6/25/2015,655694,1.66,960299.24,2.43,4736283.96,11.96,146165.6,0.37,197483.5,0.5,621942.94,1.57,1746,0,5822543.07,14.71,395907,Thursday
6/26/2015,675608,1.68,984855.03,2.45,5091559.39,12.64,153622.8,0.38,200872,0.5,606830.28,1.51,2056,0.01,6175834.05,15.33,402797,Friday
6/27/2015,751922,1.75,1062481.13,2.48,5088470.12,11.86,95070,0.22,214137.5,0.5,595546.6,1.39,1352,0,6123370.45,14.27,429207,Saturday
6/28/2015,567925,1.73,886868.09,2.71,3937647.73,12.02,71687.5,0.22,163281.5,0.5,474895.11,1.45,1632,0,4747446.09,14.5,327512,Sunday
6/29/2015,561736,1.66,837290.74,2.47,3874016.99,11.45,125324.8,0.37,168793.5,0.5,486342.5,1.44,1886,0.01,4757909.98,14.06,338350,Monday
6/30/2015,587165,1.65,841939.87,2.37,4073779.53,11.46,130435.5,0.37,177372,0.5,530183.18,1.49,2168,0.01,5020656.35,14.12,355494,Tuesday
7/1/2015,609842,1.65,885482.36,2.39,4213306.08,11.39,138840.6,0.38,184557,0.5,549648.85,1.49,2521,0.01,5199937.94,14.06,369956,Wednesday
7/2/2015,576512,1.67,834628,2.41,4165944.5,12.03,129160.5,0.37,172717,0.5,502204.34,1.45,1440,0,5075373.89,14.66,346240,Thursday
7/3/2015,506580,1.74,750940.47,2.59,3169854.74,10.91,77094.1,0.27,144898.5,0.5,357461.35,1.23,980,0,3837463.97,13.21,290493,Friday
7/4/2015,439270,1.79,661337.39,2.7,2727939.94,11.14,54805.5,0.22,122124.5,0.5,284406.14,1.16,750,0,3263491.81,13.33,244830,Saturday
7/5/2015,451101,1.76,735750.64,2.87,2957363.04,11.52,52832.8,0.21,128055,0.5,334262.56,1.3,914,0,3550475.89,13.83,256787,Sunday
7/6/2015,489909,1.66,747227.13,2.54,3273346.57,11.12,110526.1,0.38,146795.5,0.5,402933.72,1.37,1110,0,4023012.09,13.67,294331,Monday
7/7/2015,579431,1.66,823146.84,2.36,3927081.94,11.26,130282.5,0.37,174013,0.5,505734.71,1.45,1230,0,4843000.65,13.89,348744,Tuesday
7/8/2015,622682,1.66,877279.63,2.35,4211873.92,11.26,138095,0.37,186621.5,0.5,552754.14,1.48,1987,0.01,5203579.42,13.91,374007,Wednesday
7/9/2015,641078,1.66,909416.23,2.36,4411868.56,11.45,144761.5,0.38,192277.5,0.5,581740.27,1.51,1759,0,5448390.34,14.14,385423,Thursday
7/10/2015,639848,1.68,928806.69,2.44,4379798.6,11.52,149010.2,0.39,189644,0.5,556183.35,1.46,2034,0.01,5391064.22,14.18,380217,Friday
7/11/2015,692498,1.76,995886.45,2.54,4395796.2,11.2,85986,0.22,195862.5,0.5,523277.25,1.33,881,0,5319642.4,13.55,392628,Saturday
7/12/2015,600078,1.75,937199.3,2.73,3908903.24,11.38,73056,0.21,171223,0.5,470476.4,1.37,2482,0.01,4729198.05,13.77,343380,Sunday
7/13/2015,544688,1.66,806072.62,2.46,3669883.89,11.18,122688.2,0.37,163776,0.5,464512.11,1.42,1238,0,4520590.61,13.77,328256,Monday
7/14/2015,609246,1.66,869839.55,2.37,4199447.52,11.46,134415,0.37,182835,0.5,552627.36,1.51,1240,0,5180539.87,14.14,366400,Tuesday
7/15/2015,634357,1.65,916620.42,2.39,4485027.28,11.69,143255,0.37,191399.5,0.5,599014.63,1.56,1340,0,5535162.79,14.43,383604,Wednesday
7/16/2015,623922,1.66,921719.93,2.45,4511189.93,11.97,138074.1,0.37,187935.5,0.5,591826.16,1.57,2047,0.01,5544155.24,14.71,376826,Thursday
7/17/2015,571891,1.66,872932.02,2.54,4056106.36,11.79,131511,0.38,171523.5,0.5,513656.42,1.49,1829,0.01,4977880.33,14.47,343976,Friday
7/18/2015,681513,1.75,995859.8,2.56,4417012.35,11.35,83296.5,0.21,194192.5,0.5,523070.45,1.34,1335,0,5335718.12,13.71,389208,Saturday
7/19/2015,652820,1.75,996579.8,2.67,4226166.71,11.3,76142,0.2,186461.5,0.5,504743.1,1.35,3670,0.01,5109374.29,13.67,373890,Sunday
7/20/2015,590608,1.68,855477.97,2.43,3955883.03,11.26,131627.5,0.37,175293.5,0.5,499233.5,1.42,1533,0,4869006.18,13.86,351363,Monday
7/21/2015,590600,1.66,842718.09,2.37,4160140.71,11.69,125735,0.35,177475,0.5,543625.54,1.53,1848,0.01,5115570.58,14.38,355758,Tuesday
7/22/2015,614792,1.66,894686.47,2.41,4397893.95,11.87,135184.5,0.36,184830.5,0.5,575958.3,1.55,1656,0,5406696.57,14.59,370560,Wednesday
7/23/2015,634612,1.66,931124.88,2.44,4501227.18,11.79,141594,0.37,190416.5,0.5,592768.29,1.55,1661,0,5542210.25,14.52,381754,Thursday
7/24/2015,642968,1.68,945354.73,2.47,4457527.99,11.65,147662.8,0.39,190803.5,0.5,565540.07,1.48,2558,0.01,5478889.29,14.32,382569,Friday
7/25/2015,654842,1.76,960144.36,2.58,4249605.39,11.44,81992.38,0.22,185308,0.5,493441.24,1.33,1293,0,5145662.07,13.85,371511,Saturday
7/26/2015,574139,1.75,892773.8,2.71,3761294.33,11.44,68941,0.21,163995,0.5,442685.42,1.35,1491,0,4537100.77,13.79,328898,Sunday
7/27/2015,541873,1.66,802979.68,2.46,3703007.91,11.34,121679.5,0.37,162898,0.5,464386.56,1.42,1305,0,4551289.16,13.94,326516,Monday
7/28/2015,611347,1.68,859487.53,2.36,4131348.81,11.33,134753.75,0.37,181882,0.5,538641.25,1.48,1278,0,5097275.67,13.98,364518,Tuesday
7/29/2015,641972,1.67,907399.34,2.35,4406378.08,11.43,145894.8,0.38,192323,0.5,585820.55,1.52,1516,0,5447639.37,14.13,385461,Wednesday
7/30/2015,617680,1.67,883935.88,2.39,4478934.84,12.1,129516.1,0.35,184597,0.5,589795.78,1.59,1961,0.01,5495869.14,14.85,370080,Thursday
7/31/2015,632951,1.69,918601.6,2.46,4474747.22,11.98,142897.4,0.38,186283.5,0.5,560278.29,1.5,2686,0.01,5478980.46,14.67,373481,Friday
8/1/2015,656597,1.76,962871.25,2.58,4263161.24,11.43,81222.51,0.22,186067,0.5,493944.35,1.32,1472,0,5137789.81,13.77,372991,Saturday
8/2/2015,573412,1.75,893957.02,2.73,3754425.14,11.46,69115.8,0.21,163404.5,0.5,440391.82,1.34,1309,0,4527001.22,13.82,327658,Sunday
8/3/2015,545803,1.67,796864.16,2.44,3653356,11.19,122250,0.37,162950,0.5,455982.65,1.4,1401,0,4493970.3,13.76,326622,Monday
8/4/2015,594905,1.67,843045.31,2.37,4043871.52,11.35,131008.5,0.37,177852,0.5,520561.39,1.46,1208,0,4981477.82,13.98,356432,Tuesday
8/5/2015,618538,1.67,892077.28,2.41,4256615.2,11.48,138172.7,0.37,184936,0.5,559397.7,1.51,1310,0,5251713.47,14.17,370719,Wednesday
8/6/2015,617894,1.67,898033.27,2.43,4308604.19,11.68,139169.81,0.38,184016.5,0.5,564938.83,1.53,1563,0,5309026.36,14.39,368991,Thursday
8/7/2015,617684,1.69,905389.74,2.47,4242509.84,11.59,141925,0.39,182508,0.5,535615.29,1.46,1618,0,5214001.8,14.25,365942,Friday
8/8/2015,614363,1.76,911209.14,2.61,3968521.72,11.37,77538.78,0.22,174118,0.5,460931.73,1.32,1372,0,4787256.82,13.71,349104,Saturday
8/9/2015,522792,1.76,835856.22,2.81,3509475.31,11.79,65145,0.22,148451.5,0.5,410888.31,1.38,1228,0,4224577.17,14.19,297790,Sunday
8/10/2015,501288,1.67,753607.04,2.51,3374324.58,11.25,112197.55,0.37,149674.5,0.5,419891.63,1.4,3528,0.01,4149667.17,13.83,300010,Monday
8/11/2015,561961,1.66,797865.55,2.36,3777281.56,11.16,124395.96,0.37,168957,0.5,495428.3,1.46,1314,0,4669036.91,13.79,338574,Tuesday
8/12/2015,582428,1.67,849479.49,2.43,4078139.01,11.66,129659.53,0.37,174433,0.5,526515.81,1.51,1505,0,5015238.22,14.34,349652,Wednesday
8/13/2015,597051,1.66,880002.42,2.45,4215794.83,11.73,136247.48,0.38,179283.5,0.5,550872.8,1.53,1432,0,5191509.56,14.44,359523,Thursday
8/14/2015,602082,1.69,885664.33,2.48,4208717.44,11.78,137148.8,0.38,178059.5,0.5,526163.72,1.47,1618,0,5158944.81,14.44,357169,Friday
8/15/2015,622493,1.75,925911.48,2.61,4089743.6,11.51,76417.5,0.22,177249,0.5,471906.9,1.33,2246,0.01,4924244.75,13.85,355427,Saturday
8/16/2015,550791,1.75,866932.83,2.75,3619622.37,11.48,65081,0.21,157291,0.5,423882.69,1.34,2183,0.01,4362746.37,13.83,315429,Sunday
8/17/2015,526482,1.66,778279.01,2.46,3560339.66,11.23,118757.22,0.37,158185.5,0.5,444825.4,1.4,1312,0,4378554.09,13.81,317014,Monday
8/18/2015,583732,1.66,837094.31,2.38,3967978.92,11.29,130403,0.37,175279.5,0.5,510433.35,1.45,1303,0,4890896.83,13.92,351305,Tuesday
8/19/2015,598384,1.66,864536.67,2.4,4117581.52,11.44,133451.7,0.37,179459,0.5,535071.04,1.49,3312,0.01,5076870.62,14.11,359800,Wednesday
8/20/2015,608991,1.66,894235.55,2.43,4285395.94,11.65,138324.6,0.38,183406.5,0.5,554749.56,1.51,1412,0,5273652.71,14.34,367697,Thursday
8/21/2015,604368,1.69,898776.73,2.51,4147452.95,11.57,140431.51,0.39,178774,0.5,516462.67,1.44,3094,0.01,5093792.87,14.21,358516,Friday
8/22/2015,603031,1.76,899813.7,2.62,3939793.9,11.48,74904.01,0.22,171181,0.5,453065.52,1.32,1245,0,4743221.29,13.82,343254,Saturday
8/23/2015,514665,1.74,835204.17,2.82,3438471.79,11.6,62933.5,0.21,147697,0.5,400091.03,1.35,1819,0.01,4140023,13.97,296295,Sunday
8/24/2015,490422,1.65,746170.01,2.51,3311881.68,11.16,111897.5,0.38,147965.5,0.5,409461.5,1.38,1674,0.01,4071946.81,13.72,296703,Monday
8/25/2015,545095,1.66,791814.46,2.41,3689444.53,11.24,123414.51,0.38,163785.5,0.5,473994.46,1.44,1218,0,4550373.2,13.86,328328,Tuesday
8/26/2015,558086,1.66,818748.35,2.43,3843923.01,11.4,128288.02,0.38,168155,0.5,500813.08,1.49,1284,0,4743616.1,14.07,337094,Wednesday
8/27/2015,574142,1.65,855409.76,2.46,4023176.91,11.58,133818.54,0.39,173182,0.5,523554.32,1.51,1904,0.01,4959846.01,14.28,347279,Thursday
8/28/2015,582264,1.68,862884.55,2.49,3992397.94,11.53,136348.1,0.39,172711,0.5,496473.26,1.43,1457,0,4903356.15,14.16,346338,Friday
8/29/2015,598824,1.74,889078.09,2.58,3931559.1,11.42,74891.3,0.22,171735,0.5,453272.62,1.32,1350,0,4736175.5,13.76,344308,Saturday
8/30/2015,538731,1.72,859936.55,2.75,3599952.71,11.5,65669.5,0.21,156050.5,0.5,419516.32,1.34,1433,0,4336657.09,13.86,312961,Sunday
8/31/2015,497315,1.65,743626.62,2.46,3335022.03,11.05,112629.01,0.37,150606,0.5,417054.88,1.38,1381,0,4107441.17,13.61,301880,Monday
9/1/2015,547264,1.64,794892.34,2.39,3715701.23,11.15,123956.9,0.37,166219.5,0.5,478839.15,1.44,1550,0,4587078.63,13.77,333191,Tuesday
9/2/2015,574087,1.65,830678.07,2.38,3925770.72,11.26,129719.5,0.37,173878.5,0.5,512551.19,1.47,1299,0,4847793.72,13.91,348494,Wednesday
9/3/2015,587230,1.65,856860.39,2.41,4070126.59,11.43,133547.1,0.38,177542.5,0.5,525691.93,1.48,1665,0,5015394.78,14.09,355960,Thursday
9/4/2015,570857,1.68,848402.97,2.5,3908884.07,11.51,129742.3,0.38,169374.5,0.5,468071.76,1.38,1802,0.01,4779801.42,14.07,339644,Friday
9/5/2015,556532,1.76,836930.52,2.64,3568257.23,11.26,66979,0.21,158021.5,0.5,384155.13,1.21,1064,0,4273544.58,13.49,316759,Saturday
9/6/2015,504876,1.76,785814.89,2.74,3309924.43,11.56,59881.5,0.21,142834.5,0.5,348935.17,1.22,1203,0,3948727.5,13.79,286405,Sunday
9/7/2015,451222,1.72,749669.44,2.86,2987963.2,11.41,49329,0.19,130519,0.5,350559.74,1.34,1619,0.01,3598542.39,13.75,261790,Monday
9/8/2015,575695,1.64,837559.02,2.39,4116183.23,11.75,127612.01,0.36,174802,0.5,509234.98,1.45,1989,0.01,5034947.18,14.37,350383,Tuesday
9/9/2015,614320,1.64,891992.5,2.38,4490761.3,11.98,132142,0.35,187030,0.5,589906.32,1.57,1883,0.01,5514206.55,14.71,374895,Wednesday
9/10/2015,623291,1.64,896182.75,2.36,4690812.7,12.38,136329.25,0.36,189082.5,0.5,618768.74,1.63,1677,0,5750408.52,15.17,379046,Thursday
9/11/2015,643496,1.66,951097.49,2.45,4710568.18,12.15,144210.8,0.37,193334,0.5,606577.24,1.56,1964,0.01,5772996.67,14.89,387706,Friday
9/12/2015,724256,1.73,1038898.81,2.49,4867082.45,11.65,88831.04,0.21,208386.5,0.5,591931.76,1.42,1403,0,5882939.17,14.09,417671,Saturday
9/13/2015,623487,1.72,965444.03,2.67,4163287.34,11.51,73540,0.2,180320,0.5,510388.44,1.41,1555,0,5037596.25,13.93,361558,Sunday
9/14/2015,539191,1.67,799908.05,2.47,3631011.44,11.22,122905.75,0.38,161481,0.5,462201.29,1.43,1737,0.01,4476448.21,13.83,323702,Monday
9/15/2015,589000,1.65,853838.48,2.4,4101208.34,11.52,133468.46,0.37,177651,0.5,544376.81,1.53,1870,0.01,5065425.06,14.22,356138,Tuesday
9/16/2015,622713,1.65,908338.93,2.41,4585246.11,12.14,138511.3,0.37,188411.5,0.5,610602.11,1.62,1607,0,5637707.07,14.93,377640,Wednesday
9/17/2015,634165,1.64,937620.18,2.43,4708824.64,12.2,141116,0.37,192408.5,0.5,627009.04,1.63,1757,0,5786854.89,15,385843,Thursday
9/18/2015,671023,1.67,982779.76,2.44,4842262.45,12.02,155588.28,0.39,201000,0.5,627802.03,1.56,1623,0,5949163.17,14.76,402980,Friday
9/19/2015,738233,1.73,1072433.69,2.52,4956163.31,11.64,88583.5,0.21,212491.5,0.5,601075.57,1.41,1312,0,5987423.11,14.06,425888,Saturday
9/20/2015,640946,1.73,999130.28,2.7,4292263.14,11.58,74452.6,0.2,184714,0.5,508616.26,1.37,1511,0,5172763.14,13.96,370633,Sunday
9/21/2015,548796,1.64,819520.78,2.44,3824664.52,11.4,126539,0.38,167426,0.5,493023.55,1.47,1526,0,4713854.56,14.05,335613,Monday
9/22/2015,570897,1.64,814030.3,2.33,3882793.45,11.13,130051.13,0.37,174072.5,0.5,516562.24,1.48,1336,0,4809490.41,13.78,348953,Tuesday
9/23/2015,566640,1.67,809109.19,2.38,3687464.9,10.86,133935.01,0.39,169257,0.5,485392.9,1.43,1704,0.01,4579550.81,13.49,339405,Wednesday
9/24/2015,493233,1.62,761019.14,2.51,3372542.82,11.1,118331.53,0.39,151441,0.5,447288.94,1.47,1692,0.01,4182393.29,13.77,303759,Thursday
9/25/2015,579146,1.68,851433.9,2.47,3794555,11.02,140988.77,0.41,171710,0.5,487028.55,1.41,1978,0.01,4699527.42,13.65,344318,Friday
9/26/2015,718986,1.75,1040884.63,2.53,4862766.96,11.81,87604.83,0.21,205337.5,0.5,582883.34,1.42,1406,0,5863457.23,14.25,411598,Saturday
9/27/2015,609531,1.71,975065.91,2.74,4258624,11.98,73822.03,0.21,177218.5,0.5,518297.43,1.46,1675,0,5136256.96,14.45,355452,Sunday
9/28/2015,493345,1.65,756518.56,2.53,4111962.8,13.73,114059.5,0.38,149361,0.5,478822.38,1.6,2150,0.01,4946198.68,16.51,299568,Monday
9/29/2015,555378,1.64,810453.31,2.39,4028707.94,11.86,128314.4,0.38,169400.5,0.5,542473.46,1.6,1962,0.01,4972742,14.64,339680,Tuesday
9/30/2015,589603,1.64,855731.6,2.39,4295531.96,11.97,134254.35,0.37,178903,0.5,584349.71,1.63,1869,0.01,5302490.98,14.78,358720,Wednesday
10/1/2015,607314,1.64,882973.57,2.39,4470517.29,12.1,135083.76,0.37,184257.5,0.5,599612.35,1.62,2119,0.01,5502397.8,14.89,369469,Thursday
10/2/2015,650021,1.66,910786.26,2.32,4584523.44,11.7,147004.5,0.38,195394,0.5,598410.38,1.53,2823,0.01,5645669.68,14.41,391854,Friday
10/3/2015,689229,1.73,951176.61,2.39,4346473.02,10.91,78143,0.2,198791,0.5,541339.05,1.36,1744,0,5286000.17,13.27,398431,Saturday
10/4/2015,589950,1.72,907366.02,2.64,3904956.24,11.36,69446.5,0.2,171380,0.5,488254.83,1.42,1610,0,4738727.17,13.79,343678,Sunday
10/5/2015,527556,1.64,780103.46,2.42,3567162.57,11.07,122069.02,0.38,160791.5,0.5,463417.15,1.44,1306,0,4411419.24,13.69,322335,Monday
10/6/2015,577748,1.64,835855.93,2.37,4005613.59,11.34,133889.7,0.38,176213.5,0.5,535008.58,1.51,1395,0,4958057.27,14.04,353232,Tuesday
10/7/2015,600729,1.63,879409.28,2.39,4328060.56,11.77,137824.38,0.37,183375,0.5,583626.69,1.59,1560,0,5344699.43,14.54,367612,Wednesday
10/8/2015,628071,1.64,920784.93,2.41,4548155.74,11.9,142694.7,0.37,190596.5,0.5,607325.15,1.59,2177,0.01,5605569.19,14.67,382174,Thursday
10/9/2015,626603,1.66,920710.12,2.44,4586864,12.13,139133.51,0.37,188502.5,0.5,591390.1,1.56,2210,0.01,5621486.71,14.87,378072,Friday
10/10/2015,720502,1.74,1040114.6,2.51,4793657.6,11.58,85846.41,0.21,206479,0.5,572089.5,1.38,2270,0.01,5784525.07,13.97,414003,Saturday
10/11/2015,615295,1.73,958884.18,2.7,4230419.24,11.91,76070.59,0.21,176992,0.5,504342.2,1.42,1942,0.01,5096269.53,14.35,355082,Sunday
10/12/2015,506407,1.67,787119.69,2.59,3424330.12,11.27,48012.2,0.16,151541,0.5,425987.4,1.4,1763,0.01,4142778.02,13.63,303892,Monday
10/13/2015,582856,1.63,855273.94,2.4,4109899.91,11.53,132360.4,0.37,177850.5,0.5,544194.2,1.53,1172,0,5072398.41,14.23,356540,Tuesday
10/14/2015,604714,1.64,880541.28,2.38,4327455.08,11.71,138364.24,0.37,184362,0.5,582276.05,1.58,1506,0,5344800.27,14.46,369555,Wednesday
10/15/2015,625423,1.64,919082.4,2.4,4577697.9,11.97,141662.75,0.37,190672,0.5,617088.05,1.61,1622,0,5643407.8,14.76,382334,Thursday
10/16/2015,670799,1.66,974698.8,2.41,4799370.67,11.85,154650.5,0.38,202011,0.5,627610.83,1.55,1668,0,5906787,14.58,405067,Friday
10/17/2015,766042,1.73,1076943.43,2.43,5023040.71,11.36,90340,0.2,220667,0.5,614199.9,1.39,1597,0,6082534.21,13.75,442353,Saturday
10/18/2015,642020,1.71,982939.42,2.62,4315485.25,11.49,74387,0.2,187252.5,0.5,532015.5,1.42,1914,0.01,5223712.75,13.91,375605,Sunday
10/19/2015,559736,1.64,823129.31,2.41,3832966.32,11.21,128977.03,0.38,170555,0.5,502463.65,1.47,1555,0,4739078.08,13.86,342007,Monday
10/20/2015,582869,1.64,837574.95,2.35,4123966.78,11.58,133159.51,0.37,177604,0.5,550056.63,1.55,1719,0,5093276.62,14.31,355997,Tuesday
10/21/2015,601523,1.64,880601.74,2.4,4394869.23,11.97,138590.21,0.38,183190.5,0.5,591071.68,1.61,2262,0.01,5420122.42,14.76,367221,Wednesday
10/22/2015,631038,1.64,923534.42,2.4,4588065.3,11.91,145098,0.38,192259,0.5,616079.27,1.6,1791,0,5658889.57,14.68,385389,Thursday
10/23/2015,668913,1.66,968416.99,2.4,4777156.07,11.84,155528.14,0.39,201142.5,0.5,621467.26,1.54,1822,0,5878089.07,14.57,403335,Friday
10/24/2015,728153,1.74,1033706.76,2.46,5072591.09,12.09,87493.27,0.21,209242,0.5,593511.37,1.42,2444,0.01,6091084.03,14.52,419399,Saturday
10/25/2015,625289,1.71,967368.93,2.64,4163383.94,11.37,73563,0.2,182504.5,0.5,515084.65,1.41,1803,0,5046131.79,13.79,366033,Sunday
10/26/2015,544799,1.64,802068.39,2.41,3761598.35,11.31,125850.7,0.38,165936,0.5,487104.74,1.46,1378,0,4641639.89,13.95,332646,Monday
10/27/2015,589913,1.64,836534.44,2.32,4127860.95,11.45,135035.25,0.37,179907.5,0.5,552411.27,1.53,1418,0,5104784.37,14.16,360570,Tuesday
10/28/2015,600964,1.64,835665.95,2.28,4340936.03,11.84,129389.25,0.35,182833.5,0.5,585130.55,1.6,1932,0.01,5350163.89,14.6,366564,Wednesday
10/29/2015,618390,1.64,909459.81,2.41,4607754.34,12.19,139287,0.37,188497.5,0.5,618787.23,1.64,2027,0.01,5669702.47,15,377910,Thursday
10/30/2015,672845,1.66,966236.85,2.39,4895409.23,12.11,155437.34,0.38,201618.5,0.5,634701.94,1.57,1816,0,6010230.21,14.87,404215,Friday
10/31/2015,743263,1.74,1038430.93,2.43,4869966.2,11.41,91240.02,0.21,212908,0.5,596232.28,1.4,1615,0,5899982.8,13.82,426809,Saturday
11/1/2015,640255,1.75,1020698.49,2.78,4385889.98,11.96,85451.75,0.23,182701.5,0.5,537692.58,1.47,1811,0,5303514.01,14.47,366638,Sunday
11/2/2015,526350,1.63,781539.22,2.42,3725457.94,11.54,119255,0.37,161058,0.5,481212.87,1.49,1866,0.01,4585704.11,14.2,322921,Monday
11/3/2015,560052,1.63,803903.1,2.34,3954787.43,11.52,53238,0.16,171239.5,0.5,519624.65,1.51,1731,0.01,4803566.98,14,343234,Tuesday
11/4/2015,590285,1.63,846775.85,2.34,4204694.2,11.62,135501,0.37,180445,0.5,574108.71,1.59,2334,0.01,5205573.71,14.39,361719,Wednesday
11/5/2015,617269,1.64,890106.95,2.36,4493480.79,11.91,139551.75,0.37,188139,0.5,611215.91,1.62,1790,0,5547294.75,14.71,377149,Thursday
11/6/2015,652152,1.66,937187.48,2.38,4626158.35,11.74,151518.72,0.38,196465,0.5,608660.15,1.55,2075,0.01,5703026.62,14.48,393898,Friday
11/7/2015,742118,1.73,1036115.34,2.42,4871855.65,11.39,88251.5,0.21,213455.5,0.5,604745.96,1.41,1400,0,5908027.11,13.81,427780,Saturday
11/8/2015,630944,1.72,964516.53,2.62,4204087.89,11.43,72761.04,0.2,183371,0.5,534012.89,1.45,2020,0.01,5106563.72,13.88,367785,Sunday
11/9/2015,534945,1.63,788975.37,2.4,3717737.13,11.32,123624.55,0.38,163814.5,0.5,499286.51,1.52,1586,0,4604528.39,14.02,328327,Monday
11/10/2015,578955,1.62,808027.57,2.26,4190438.72,11.74,129787.7,0.36,178155,0.5,574363.37,1.61,1327,0,5181158.09,14.51,357045,Tuesday
11/11/2015,568060,1.63,824807.31,2.37,4124247.96,11.83,58685.8,0.17,173967,0.5,564936.59,1.62,1968,0.01,5028396.25,14.42,348717,Wednesday
11/12/2015,621663,1.63,902615.87,2.36,4529597.62,11.85,142918.25,0.37,190691,0.5,626346.1,1.64,1861,0,5606069.67,14.67,382264,Thursday
11/13/2015,666311,1.65,951046.4,2.36,4695736.31,11.65,156496.02,0.39,201164.5,0.5,630833.81,1.56,2129,0.01,5807297.94,14.4,403225,Friday
11/14/2015,744594,1.73,1043635.46,2.42,4951359.27,11.49,89661.22,0.21,215081.5,0.5,622576.1,1.44,1963,0,6009938.39,13.94,431065,Saturday
11/15/2015,611732,1.71,952020.48,2.66,4152452.55,11.62,72923.54,0.2,178144,0.5,530184.18,1.48,2015,0.01,5042894.87,14.11,357313,Sunday
11/16/2015,519805,1.61,784210.88,2.43,3668970.9,11.38,121688.1,0.38,160852.5,0.5,496475.69,1.54,1733,0.01,4546416.79,14.1,322400,Monday
11/17/2015,584199,1.61,836376.31,2.31,4161726.79,11.49,135511,0.37,180756.5,0.5,581582.06,1.61,1459,0,5169701.45,14.27,362319,Tuesday
11/18/2015,596015,1.62,862240.45,2.34,4350800.87,11.8,135883.27,0.37,183936.5,0.5,611500.81,1.66,1794,0,5394488.55,14.63,368692,Wednesday
11/19/2015,605940,1.63,864331.7,2.33,4509206.21,12.13,134370.04,0.36,185397,0.5,627603.91,1.69,1642,0,5569676.46,14.99,371637,Thursday
11/20/2015,652556,1.65,959089.98,2.43,4686187.92,11.86,150332.6,0.38,197134.5,0.5,632543.01,1.6,2015,0.01,5786764.13,14.64,395279,Friday
11/21/2015,730511,1.72,1029443.97,2.43,4760635.54,11.24,87451.82,0.21,211306,0.5,603428.81,1.42,1687,0,5791542.17,13.67,423532,Saturday
11/22/2015,609433,1.71,918583.74,2.57,3987855.97,11.16,71285.02,0.2,178157.5,0.5,503805.31,1.41,1665,0,4849909.5,13.58,357200,Sunday
11/23/2015,568819,1.63,790334.79,2.27,3822225.51,10.98,130316.5,0.37,173741,0.5,504137.27,1.45,1653,0,4736491.68,13.61,348130,Monday
11/24/2015,582284,1.63,817145.87,2.28,4121772.96,11.5,126948,0.35,178733.5,0.5,544076.47,1.52,2430,0.01,5081423.43,14.18,358272,Tuesday
11/25/2015,569611,1.68,783502.7,2.31,3944983.52,11.62,122039.32,0.36,169316,0.5,478297.31,1.41,1460,0,4817898.95,14.19,339429,Wednesday
11/26/2015,404604,1.75,629210.45,2.72,2597513.18,11.23,46932.82,0.2,115320.5,0.5,288375.1,1.25,966,0,3118472,13.48,231257,Thursday
11/27/2015,463528,1.75,629186.19,2.38,2775945.01,10.49,111287.52,0.42,132134.5,0.5,301998.9,1.14,709,0,3401469.03,12.85,264702,Friday
11/28/2015,578438,1.76,824413.46,2.51,3623306.64,11.04,62348.5,0.19,163771.5,0.5,410007.95,1.25,1055,0,4358932.39,13.28,328207,Saturday
11/29/2015,532425,1.71,839401.06,2.7,3552498.46,11.43,58142.5,0.19,154999.5,0.5,432617.15,1.39,1495,0,4293007.31,13.81,310912,Sunday
11/30/2015,520623,1.62,782794.7,2.44,3631740.55,11.31,118330,0.37,160167,0.5,483191.15,1.5,1527,0,4491252.4,13.99,321058,Monday
12/1/2015,572691,1.63,809675,2.3,4108247.22,11.66,125094.52,0.36,175737,0.5,558246.91,1.58,1245,0,5074245.85,14.4,352310,Tuesday
12/2/2015,578539,1.62,833786,2.34,4187432.63,11.73,127382.52,0.36,178030.5,0.5,583673.1,1.64,1676,0,5185244.25,14.53,356921,Wednesday
12/3/2015,632967,1.63,917644.85,2.36,4613355.91,11.88,144062.47,0.37,193588.5,0.5,633351.07,1.63,2038,0.01,5702825.95,14.69,388202,Thursday
12/4/2015,668803,1.65,959241.54,2.37,4763798.76,11.76,156519.55,0.39,202012.5,0.5,637943.98,1.57,1902,0,5883680.39,14.52,405100,Friday
12/5/2015,752419,1.73,1051191.28,2.41,5016844.69,11.52,90356.02,0.21,217272,0.5,624925.18,1.43,1163,0,6081199.89,13.96,435519,Saturday
12/6/2015,640907,1.71,971858.56,2.59,4252563.45,11.33,75848.7,0.2,187091,0.5,543839.83,1.45,3098,0.01,5175002.08,13.79,375269,Sunday
12/7/2015,564669,1.63,822532.71,2.37,3924406.25,11.31,130335.54,0.38,173049,0.5,530419.24,1.53,2632,0.01,4864898.03,14.02,346937,Monday
12/8/2015,585961,1.63,838894.98,2.33,4248091.1,11.8,131608.06,0.37,179499.5,0.5,592952.6,1.65,3121,0.01,5263207.86,14.63,359877,Tuesday
12/9/2015,599441,1.63,868936.49,2.36,4439141.77,12.07,135190.34,0.37,183380,0.5,620617.03,1.69,2929,0.01,5491560.84,14.93,367785,Wednesday
12/10/2015,620959,1.63,910716.95,2.39,4661609.04,12.26,142772.27,0.38,189616,0.5,650814.21,1.71,3266,0.01,5762148.92,15.15,380336,Thursday
12/11/2015,668337,1.66,977557.65,2.43,4949933.82,12.29,156231.82,0.39,200851,0.5,669694.19,1.66,3415,0.01,6100947.93,15.14,402838,Friday
12/12/2015,730915,1.73,1033375.13,2.44,5141683.77,12.14,86672,0.2,211345,0.5,643538.06,1.52,2167,0.01,6212492.23,14.66,423697,Saturday
12/13/2015,609597,1.72,934642.35,2.63,4220154.61,11.89,72365.02,0.2,176859.5,0.5,532240.81,1.5,3485,0.01,5111541.54,14.4,354862,Sunday
12/14/2015,567372,1.63,812976.96,2.33,3841834.14,11.02,134599.23,0.39,173860.5,0.5,524832.73,1.51,3446,0.01,4783100.5,13.73,348490,Monday
12/15/2015,609065,1.63,880371.14,2.35,4289995.67,11.45,140372.3,0.37,186858.5,0.5,599708.69,1.6,2457,0.01,5331760.46,14.23,374633,Tuesday
12/16/2015,643677,1.63,919803.67,2.33,4544948.34,11.52,146222,0.37,196682,0.5,641497.23,1.63,2654,0.01,5650293.27,14.33,394384,Wednesday
12/17/2015,646685,1.64,939596.41,2.38,4755643.16,12.04,140388.13,0.36,196994.5,0.5,670019.42,1.7,2816,0.01,5884363.21,14.89,395100,Thursday
12/18/2015,718165,1.65,1035199.04,2.38,5087195.02,11.71,166799.32,0.38,216510,0.5,695784.91,1.6,3698,0.01,6300256.55,14.51,434317,Friday
12/19/2015,767051,1.73,1066893.79,2.41,4976639.73,11.22,92780.3,0.21,221217.5,0.5,630845.07,1.42,2843,0.01,6057374.7,13.66,443575,Saturday
12/20/2015,636322,1.73,925808.55,2.52,4083132.95,11.11,76197,0.21,183166.5,0.5,510560.72,1.39,3100,0.01,4966357.97,13.52,367388,Sunday
12/21/2015,544175,1.65,771377.92,2.34,3611513.64,10.94,121922.3,0.37,164745.5,0.5,462074.3,1.4,2765,0.01,4462070.64,13.51,330226,Monday
12/22/2015,560599,1.66,776604.84,2.3,3786358.29,11.21,121895.77,0.36,168494,0.5,485932.05,1.44,3419,0.01,4667438.41,13.81,337885,Tuesday
12/23/2015,537529,1.67,742597.24,2.31,3607906.69,11.23,114131.2,0.36,160252,0.5,447011.34,1.39,2705,0.01,4428407.33,13.78,321402,Wednesday
12/24/2015,486005,1.71,684517,2.41,2999121.51,10.57,104625.02,0.37,141532.5,0.5,336520.19,1.19,1793,0.01,3668696.22,12.93,283723,Thursday
12/25/2015,316424,1.78,493782.37,2.77,2031224.33,11.41,34425.23,0.19,88789,0.5,199586.17,1.12,1508,0.01,2408930.43,13.53,178025,Friday
12/26/2015,403038,1.78,570577.1,2.52,2540813.42,11.23,38366.7,0.17,112862,0.5,252068.13,1.11,1098,0,3013043.45,13.32,226154,Saturday
12/27/2015,445977,1.77,699617.74,2.78,4661538.53,18.5,49191.12,0.2,125601.5,0.5,316481.99,1.26,2147,0.01,5230529.24,20.76,251935,Sunday
12/28/2015,493810,1.73,708797.75,2.49,3226775.54,11.31,114188.92,0.4,142320,0.5,356144.01,1.25,1336,0,3926305.57,13.77,285214,Monday
12/29/2015,508527,1.72,724507.8,2.45,3307196.71,11.17,114158.5,0.39,147691,0.5,378725.14,1.28,1844,0.01,4038397.95,13.64,295999,Tuesday
12/30/2015,521669,1.73,746963.1,2.47,3576381.76,11.83,120752.54,0.4,150825.5,0.5,410143.5,1.36,1487,0,4350262.3,14.39,302288,Wednesday
12/31/2015,567176,1.74,813367.36,2.49,3508331.57,10.74,135662.11,0.42,163030.5,0.5,411628.18,1.26,1394,0,4318044.66,13.22,326710,Thursday
