date,TotalFareAmount,TotalTipAmount
1/1/2015 0:00,338327.63,36374.71
1/1/2015 1:00,400689.91,44430.35
1/1/2015 2:00,359378.89,41427.46
1/1/2015 3:00,311517.3,33819.89
1/1/2015 4:00,224432.91,22233.78
1/1/2015 5:00,122658.58,10856.21
1/1/2015 6:00,85054.76,7213.01
1/1/2015 7:00,72015.83,6406.23
1/1/2015 8:00,62724.68,5731.16
1/1/2015 9:00,73401.43,6436.45
1/1/2015 10:00,98928.02,8791.53
1/1/2015 11:00,133600.56,12520.87
1/1/2015 12:00,161158.02,15286.52
1/1/2015 13:00,171478.17,16134.93
1/1/2015 14:00,179712.39,16483.46
1/1/2015 15:00,182307.34,16675.79
1/1/2015 16:00,166144.26,15203.6
1/1/2015 17:00,176036.31,15945.5
1/1/2015 18:00,177965.61,16860.84
1/1/2015 19:00,163256.04,16039.9
1/1/2015 20:00,153009,15846.78
1/1/2015 21:00,150388.29,15567.56
1/1/2015 22:00,145687.25,15631.21
1/1/2015 23:00,126938.21,13458.91
1/2/2015 0:00,105733.4,11285.7
1/2/2015 1:00,70928.76,7334.69
1/2/2015 2:00,46867.2,4493.08
1/2/2015 3:00,35759.11,3400.98
1/2/2015 4:00,32630.44,2746.68
1/2/2015 5:00,32364.44,3118.95
1/2/2015 6:00,55965.97,5743.76
1/2/2015 7:00,76926.52,8665.68
1/2/2015 8:00,103942.42,12346.71
1/2/2015 9:00,126556.31,12929.65
1/2/2015 10:00,146044.85,13202.13
1/2/2015 11:00,164283.46,14815.58
1/2/2015 12:00,186075.38,17090.74
1/2/2015 13:00,186862.29,17180.06
1/2/2015 14:00,202269.44,18404.75
1/2/2015 15:00,205675.84,18658.63
1/2/2015 16:00,185372.6,18566.15
1/2/2015 17:00,213275.76,21806.76
1/2/2015 18:00,231712.22,24910.49
1/2/2015 19:00,238223.23,26447.92
1/2/2015 20:00,209521.55,23124.66
1/2/2015 21:00,204074.08,22498.59
1/2/2015 22:00,227774.35,25682.24
1/2/2015 23:00,229965.71,26553.94
1/3/2015 0:00,215759.94,25352.91
1/3/2015 1:00,186967.08,22966.18
1/3/2015 2:00,156129.24,18568.61
1/3/2015 3:00,127973.09,14630.02
1/3/2015 4:00,89886.81,8757.4
1/3/2015 5:00,47163,4245.61
1/3/2015 6:00,50692.9,4712.94
1/3/2015 7:00,56155.88,5543.93
1/3/2015 8:00,80266.41,8027.5
1/3/2015 9:00,111037.73,10994.25
1/3/2015 10:00,140455.63,13552.19
1/3/2015 11:00,171049.2,16959.28
1/3/2015 12:00,205227.03,20491.35
1/3/2015 13:00,229947.36,22301.22
1/3/2015 14:00,232044.02,23482.93
1/3/2015 15:00,222854.23,22223.62
1/3/2015 16:00,196003.77,20057.55
1/3/2015 17:00,215483.48,22206.9
1/3/2015 18:00,242650.71,26006.46
1/3/2015 19:00,255342.17,27092.15
1/3/2015 20:00,201984.12,23563.92
1/3/2015 21:00,212053.07,24597.67
1/3/2015 22:00,231959.74,27413.49
1/3/2015 23:00,245349.74,29800.15
1/4/2015 0:00,227166.36,27848.03
1/4/2015 1:00,199713.15,24862.77
1/4/2015 2:00,155948.2,19202.73
1/4/2015 3:00,118810.72,13913.75
1/4/2015 4:00,82597.07,8194.8
1/4/2015 5:00,45829,4042.14
1/4/2015 6:00,47989.52,4725.03
1/4/2015 7:00,52558.32,5367.4
1/4/2015 8:00,71733.95,7498.06
1/4/2015 9:00,95294.34,10260.97
1/4/2015 10:00,134328.8,14270.37
1/4/2015 11:00,154105.19,16458.33
1/4/2015 12:00,170514.55,18457.66
1/4/2015 13:00,178935.63,19668.42
1/4/2015 14:00,185810.67,20302.89
1/4/2015 15:00,179141.94,19736.32
1/4/2015 16:00,177729.08,20066.92
1/4/2015 17:00,183083.64,20427.65
1/4/2015 18:00,184487.75,21202.03
1/4/2015 19:00,182852.54,20627.5
1/4/2015 20:00,175106.92,20930.51
1/4/2015 21:00,151405.41,18294.18
1/4/2015 22:00,142941.44,16966
1/4/2015 23:00,127964.84,14248.75
1/5/2015 0:00,102091.69,11378.12
1/5/2015 1:00,64396.41,6928.95
1/5/2015 2:00,41874.61,3945.29
1/5/2015 3:00,26445.64,2245.44
1/5/2015 4:00,28748.16,2619.08
1/5/2015 5:00,43085.8,4983.81
1/5/2015 6:00,104642.01,12436.37
1/5/2015 7:00,185820.14,22504.99
1/5/2015 8:00,220951.9,27704.31
1/5/2015 9:00,188770.76,22687.9
1/5/2015 10:00,154271.93,16819.28
1/5/2015 11:00,154352.01,15910.78
1/5/2015 12:00,159547.1,16226.3
1/5/2015 13:00,162626.72,16462
1/5/2015 14:00,178539.03,18575.01
1/5/2015 15:00,189040.84,19156.68
1/5/2015 16:00,166164.63,18380.09
1/5/2015 17:00,208252.53,24958.21
1/5/2015 18:00,249215.1,32630.64
1/5/2015 19:00,243187.97,33044.87
1/5/2015 20:00,218187.19,29160.25
1/5/2015 21:00,206196.38,27877.97
1/5/2015 22:00,176959.68,23686.01
1/5/2015 23:00,145408.1,18713.36
1/6/2015 0:00,105353.13,12558.5
1/6/2015 1:00,62484.63,6740.06
1/6/2015 2:00,39380.08,3864.2
1/6/2015 3:00,24566.5,2426.5
1/6/2015 4:00,26373.6,2214.66
1/6/2015 5:00,41788.65,4717.78
1/6/2015 6:00,105707.05,12559.24
1/6/2015 7:00,190645.16,23421.25
1/6/2015 8:00,247804.92,32195.76
1/6/2015 9:00,226601.22,28877.46
1/6/2015 10:00,188806.27,21934.76
1/6/2015 11:00,182662.69,20343.01
1/6/2015 12:00,181218.49,20335.05
1/6/2015 13:00,170822.61,19133.55
1/6/2015 14:00,188495.54,20865.07
1/6/2015 15:00,187813.74,20770.43
1/6/2015 16:00,168382.9,20139.23
1/6/2015 17:00,198987.57,24874.63
1/6/2015 18:00,253253.21,34019.44
1/6/2015 19:00,246010.43,34506.06
1/6/2015 20:00,241913.98,33795.88
1/6/2015 21:00,240042.48,34256.19
1/6/2015 22:00,209438.26,28982.85
1/6/2015 23:00,164688.63,21492.96
1/7/2015 0:00,110427.78,13352.49
1/7/2015 1:00,69927.76,7831.26
1/7/2015 2:00,40847.81,4248.67
1/7/2015 3:00,28445.49,2745.29
1/7/2015 4:00,27897.33,2521.28
1/7/2015 5:00,38822.43,4301.68
1/7/2015 6:00,103115.45,11949.15
1/7/2015 7:00,201644.08,25277.82
1/7/2015 8:00,255436.77,33936.21
1/7/2015 9:00,230965.05,30317.35
1/7/2015 10:00,194441.62,23299.17
1/7/2015 11:00,190632.65,22143.43
1/7/2015 12:00,198753.46,22947.96
1/7/2015 13:00,200852.04,23283.71
1/7/2015 14:00,212497.32,23765.7
1/7/2015 15:00,206894.51,23323.66
1/7/2015 16:00,174890.57,20964.99
1/7/2015 17:00,224904.94,28272.33
1/7/2015 18:00,282540.39,38434.91
1/7/2015 19:00,290652.41,41152.72
1/7/2015 20:00,274674.53,39436.74
1/7/2015 21:00,281932.97,40973.09
1/7/2015 22:00,262182.37,36607.4
1/7/2015 23:00,189634.79,25219.57
1/8/2015 0:00,124536,15866.62
1/8/2015 1:00,72865.11,8520.71
1/8/2015 2:00,42762.52,4601.14
1/8/2015 3:00,30024.1,3039.97
1/8/2015 4:00,26602.31,2596.55
1/8/2015 5:00,39790.76,4567.09
1/8/2015 6:00,109809,13247.18
1/8/2015 7:00,213132.99,27110.94
1/8/2015 8:00,265192.05,35635.31
1/8/2015 9:00,245023.23,32317.16
1/8/2015 10:00,210054.52,25888.89
1/8/2015 11:00,201496.21,23488.86
1/8/2015 12:00,206403.06,24441.04
1/8/2015 13:00,200386.19,23470.64
1/8/2015 14:00,218393.54,25081.51
1/8/2015 15:00,221935.89,25667.43
1/8/2015 16:00,179136.93,22323.54
1/8/2015 17:00,229686.49,29632.07
1/8/2015 18:00,294822.42,40299.32
1/8/2015 19:00,300818.26,42220.32
1/8/2015 20:00,292466.5,42356.83
1/8/2015 21:00,297923.86,42719.99
1/8/2015 22:00,291975.64,41810.09
1/8/2015 23:00,237134.64,32542.97
1/9/2015 0:00,163038.24,21727.8
1/9/2015 1:00,100687.84,12255.77
1/9/2015 2:00,66056.97,7649.46
1/9/2015 3:00,45552.71,4683.86
1/9/2015 4:00,37120.26,3524.17
1/9/2015 5:00,43924.43,5204.73
1/9/2015 6:00,107476.34,13036.02
1/9/2015 7:00,198499.72,24733.49
1/9/2015 8:00,219890.93,28672.73
1/9/2015 9:00,216810.28,28190.39
1/9/2015 10:00,192699.45,23725.03
1/9/2015 11:00,183994.87,21484.2
1/9/2015 12:00,193874.45,22871
1/9/2015 13:00,189551.23,21854.89
1/9/2015 14:00,209312.44,24331.75
1/9/2015 15:00,210032.42,23988.23
1/9/2015 16:00,175842.84,21553.17
1/9/2015 17:00,232885.79,30622.48
1/9/2015 18:00,306251.87,41343.63
1/9/2015 19:00,329939,46007.83
1/9/2015 20:00,293624.34,40517.88
1/9/2015 21:00,286131.87,38849.4
1/9/2015 22:00,310087.15,41017.3
1/9/2015 23:00,324273.15,42442.37
1/10/2015 0:00,307716.38,41019.77
1/10/2015 1:00,255126.45,34149.05
1/10/2015 2:00,208334.55,27134.86
1/10/2015 3:00,149818.31,18237.9
1/10/2015 4:00,97746.54,10377.57
1/10/2015 5:00,48033.12,4758.48
1/10/2015 6:00,53980.66,6050.05
1/10/2015 7:00,75776.33,8665.91
1/10/2015 8:00,106518.8,12529.5
1/10/2015 9:00,157580.12,18742.04
1/10/2015 10:00,186120.68,22330.6
1/10/2015 11:00,225801.37,26529.29
1/10/2015 12:00,249544.14,29570.74
1/10/2015 13:00,253040.74,29036.84
1/10/2015 14:00,240773.49,28534.75
1/10/2015 15:00,261246.53,30555.77
1/10/2015 16:00,238290.46,28178.08
1/10/2015 17:00,257233.33,29944.23
1/10/2015 18:00,302842.18,36333.77
1/10/2015 19:00,318372.32,38081.27
1/10/2015 20:00,304139.19,39336.57
1/10/2015 21:00,280025.11,35785.85
1/10/2015 22:00,319211.65,40098.41
1/10/2015 23:00,350544.02,45455.37
1/11/2015 0:00,323487.45,43036.67
1/11/2015 1:00,284178.52,37627.24
1/11/2015 2:00,237170.55,31216.34
1/11/2015 3:00,183757.75,22778.7
1/11/2015 4:00,112474.73,11843.91
1/11/2015 5:00,52657.71,4985.16
1/11/2015 6:00,49454.85,5167.42
1/11/2015 7:00,60064.81,6559.46
1/11/2015 8:00,84711.23,10075.07
1/11/2015 9:00,121594.53,14548.19
1/11/2015 10:00,163171.56,19409.24
1/11/2015 11:00,199639.93,24516.4
1/11/2015 12:00,225640.44,27535.23
1/11/2015 13:00,229814.26,28035.14
1/11/2015 14:00,216642.03,26186.49
1/11/2015 15:00,206901.44,24092.42
1/11/2015 16:00,212528.97,25988.62
1/11/2015 17:00,226108.52,27657.45
1/11/2015 18:00,222591.11,27510.59
1/11/2015 19:00,208616.55,26375.46
1/11/2015 20:00,176168.83,22433.15
1/11/2015 21:00,170384.5,22348.99
1/11/2015 22:00,155964.01,19539.18
1/11/2015 23:00,148414.03,18789.96
1/12/2015 0:00,97547.61,11507.15
1/12/2015 1:00,54848.34,5995.35
1/12/2015 2:00,38068,3736.08
1/12/2015 3:00,30056.91,2970.67
1/12/2015 4:00,28044.75,2686.35
1/12/2015 5:00,46586.11,5560.72
1/12/2015 6:00,108389.36,12965.85
1/12/2015 7:00,194060.62,24802.53
1/12/2015 8:00,247533.35,32750.74
1/12/2015 9:00,226403.97,29100.88
1/12/2015 10:00,192235.84,23448.96
1/12/2015 11:00,186943.64,22214.82
1/12/2015 12:00,198692.81,23155.93
1/12/2015 13:00,190004.99,22418.25
1/12/2015 14:00,208436.95,24464.68
1/12/2015 15:00,206070.78,23950.66
1/12/2015 16:00,171060.18,21711.11
1/12/2015 17:00,209045.97,27650.68
1/12/2015 18:00,259171.18,36670.38
1/12/2015 19:00,245263.22,35463.91
1/12/2015 20:00,234711.38,34199.74
1/12/2015 21:00,233308.94,34119.53
1/12/2015 22:00,207054.58,29945.59
1/12/2015 23:00,151850.61,20537.43
1/13/2015 0:00,126646.13,17484.1
1/13/2015 1:00,64615.66,7743.09
1/13/2015 2:00,40855.82,4505.75
1/13/2015 3:00,26856.71,2635.67
1/13/2015 4:00,27335.49,2623.14
1/13/2015 5:00,42053.04,4950.9
1/13/2015 6:00,106456.5,12925
1/13/2015 7:00,210869.61,27019.39
1/13/2015 8:00,266330.64,36519.69
1/13/2015 9:00,250851.66,33540.39
1/13/2015 10:00,221843.19,28184.09
1/13/2015 11:00,222486.57,27864.21
1/13/2015 12:00,229554.18,27988.96
1/13/2015 13:00,217899.34,26488.25
1/13/2015 14:00,241848.82,29291.09
1/13/2015 15:00,227899.9,27190
1/13/2015 16:00,177865.53,22496.66
1/13/2015 17:00,220225.07,29537.25
1/13/2015 18:00,282544.38,39381.21
1/13/2015 19:00,287808.39,41886.88
1/13/2015 20:00,290511.79,42895.58
1/13/2015 21:00,301916.47,44571.02
1/13/2015 22:00,269206.87,39632.77
1/13/2015 23:00,194790.73,26957.31
1/14/2015 0:00,130998.48,17238.7
1/14/2015 1:00,76481.61,9483.12
1/14/2015 2:00,47613.95,5510.84
1/14/2015 3:00,36092.02,3727.11
1/14/2015 4:00,33211.65,3127.69
1/14/2015 5:00,42808.7,5344.65
1/14/2015 6:00,107367.07,13326.77
1/14/2015 7:00,211204.42,27159.79
1/14/2015 8:00,264595.2,35672.71
1/14/2015 9:00,244730.22,33397.36
1/14/2015 10:00,211084.74,27208.08
1/14/2015 11:00,212097.11,26365.41
1/14/2015 12:00,218898.26,26304.87
1/14/2015 13:00,208268.4,25550.63
1/14/2015 14:00,223981.03,27131.64
1/14/2015 15:00,209688.1,25028.38
1/14/2015 16:00,171683.05,21587.26
1/14/2015 17:00,219952.66,29379.49
1/14/2015 18:00,281552.99,39682.47
1/14/2015 19:00,288104.36,41911
1/14/2015 20:00,275764.68,40606.16
1/14/2015 21:00,294202.18,44090.5
1/14/2015 22:00,278089.03,40820.84
1/14/2015 23:00,209683.15,29809.85
1/15/2015 0:00,134231.6,17707.8
1/15/2015 1:00,80340.62,10011.3
1/15/2015 2:00,50310.52,5793.25
1/15/2015 3:00,36413.24,3945.8
1/15/2015 4:00,32864.59,3199.23
1/15/2015 5:00,42021.31,5134.09
1/15/2015 6:00,111645.73,13809.63
1/15/2015 7:00,211258.8,27142.64
1/15/2015 8:00,263354.37,36333.58
1/15/2015 9:00,252952.72,33857.14
1/15/2015 10:00,216958.49,27155.63
1/15/2015 11:00,207654.91,25998.24
1/15/2015 12:00,217137.77,26499.24
1/15/2015 13:00,206490.6,25446.73
1/15/2015 14:00,226205.22,27221.29
1/15/2015 15:00,220452.67,26352.18
1/15/2015 16:00,177933.08,22851.61
1/15/2015 17:00,216596.89,28174.63
1/15/2015 18:00,280267.14,38974.04
1/15/2015 19:00,297719.56,42630.39
1/15/2015 20:00,303466.13,44058.31
1/15/2015 21:00,316110.68,45974.28
1/15/2015 22:00,315533.45,46057.11
1/15/2015 23:00,269718.69,38914.76
1/16/2015 0:00,187518.82,25559.9
1/16/2015 1:00,119582.16,15231.69
1/16/2015 2:00,81670.22,9405.91
1/16/2015 3:00,54614.83,6009.58
1/16/2015 4:00,48002.63,4856.71
1/16/2015 5:00,51279.11,6049.14
1/16/2015 6:00,111587.73,13730.67
1/16/2015 7:00,203003.66,26052.46
1/16/2015 8:00,251606.3,34038.09
1/16/2015 9:00,242362.7,32597.13
1/16/2015 10:00,209587.65,25658.61
1/16/2015 11:00,203270.86,24440.63
1/16/2015 12:00,213354.54,25789.38
1/16/2015 13:00,205032.95,24417.65
1/16/2015 14:00,234703.22,27393.21
1/16/2015 15:00,219385.29,25214.7
1/16/2015 16:00,182307,22584.28
1/16/2015 17:00,235380.24,30103.42
1/16/2015 18:00,296050.57,39735.51
1/16/2015 19:00,315658.45,43310.93
1/16/2015 20:00,306880.02,41724.91
1/16/2015 21:00,303256.16,40623.24
1/16/2015 22:00,320486.52,42449.62
1/16/2015 23:00,328018.19,43593.43
1/17/2015 0:00,307756.39,40936.98
1/17/2015 1:00,253427.11,33672.93
1/17/2015 2:00,204992.42,26993.53
1/17/2015 3:00,154529.62,18408.07
1/17/2015 4:00,102204.69,10488.55
1/17/2015 5:00,54522.23,6143.02
1/17/2015 6:00,57436.19,6579.83
1/17/2015 7:00,69448.69,8119.94
1/17/2015 8:00,111947.72,12462.1
1/17/2015 9:00,148022.77,17408.51
1/17/2015 10:00,172522.6,20080.77
1/17/2015 11:00,198394.21,23220.94
1/17/2015 12:00,218470.64,25075.77
1/17/2015 13:00,227857.3,25622.43
1/17/2015 14:00,221368.26,24728.85
1/17/2015 15:00,231209.12,26067.24
1/17/2015 16:00,219211.27,24671.9
1/17/2015 17:00,247657.22,28089.45
1/17/2015 18:00,279890.96,32701.74
1/17/2015 19:00,301418.41,35853.06
1/17/2015 20:00,254668.73,31803.26
1/17/2015 21:00,254992.73,31373.9
1/17/2015 22:00,290142.72,36171.16
1/17/2015 23:00,311677.46,39326.93
1/18/2015 0:00,308353.51,39863.64
1/18/2015 1:00,274760.81,36174.87
1/18/2015 2:00,243880.42,31270.94
1/18/2015 3:00,194544.12,24250.85
1/18/2015 4:00,121137.19,12456.64
1/18/2015 5:00,54784.36,5076.27
1/18/2015 6:00,49469.43,4870.41
1/18/2015 7:00,58078,6039.62
1/18/2015 8:00,86498.23,9053.24
1/18/2015 9:00,127641.31,13915.37
1/18/2015 10:00,175601.24,19697.52
1/18/2015 11:00,217907.11,25153.48
1/18/2015 12:00,237340.15,27351.83
1/18/2015 13:00,246496.07,28991.16
1/18/2015 14:00,251306.51,29474.55
1/18/2015 15:00,229251.06,26710
1/18/2015 16:00,200642.35,23422.72
1/18/2015 17:00,198939.21,23291.38
1/18/2015 18:00,218176.44,26625.54
1/18/2015 19:00,176511.89,22050.61
1/18/2015 20:00,163909.37,21075.46
1/18/2015 21:00,165497.66,21669.58
1/18/2015 22:00,184507.88,24203.75
1/18/2015 23:00,159410.16,20438.34
1/19/2015 0:00,133199.54,16602.83
1/19/2015 1:00,91694.27,11467.95
1/19/2015 2:00,68662.97,8213.89
1/19/2015 3:00,52158.63,5728
1/19/2015 4:00,43656.71,4430.08
1/19/2015 5:00,37985.42,3964.89
1/19/2015 6:00,58287.89,6678.03
1/19/2015 7:00,75154.77,9159.13
1/19/2015 8:00,111271.88,14344.61
1/19/2015 9:00,137840.46,16946.16
1/19/2015 10:00,151709.17,17986.96
1/19/2015 11:00,167170.62,19751.36
1/19/2015 12:00,184984.35,22071.72
1/19/2015 13:00,193339.57,22998.21
1/19/2015 14:00,203962.03,24020.07
1/19/2015 15:00,204539.1,24010.95
1/19/2015 16:00,191056.55,23226.74
1/19/2015 17:00,197224.42,25037.76
1/19/2015 18:00,212846.97,27553.77
1/19/2015 19:00,200465.36,26517.31
1/19/2015 20:00,180040.15,24672.67
1/19/2015 21:00,174944.58,24331.56
1/19/2015 22:00,168766.2,23290.38
1/19/2015 23:00,129546.65,16690.85
1/20/2015 0:00,86780.8,10519.2
1/20/2015 1:00,52510.11,5993.73
1/20/2015 2:00,35151,3731.25
1/20/2015 3:00,23709.02,2347.73
1/20/2015 4:00,25347.95,2555.8
1/20/2015 5:00,45676.2,5715.97
1/20/2015 6:00,110277.61,13849.41
1/20/2015 7:00,204178.69,26246.33
1/20/2015 8:00,249728.06,33182.44
1/20/2015 9:00,233816.77,30555.76
1/20/2015 10:00,197353.82,25348.96
1/20/2015 11:00,192555.08,23126.45
1/20/2015 12:00,193251.5,23108.65
1/20/2015 13:00,189826.35,22745.36
1/20/2015 14:00,205759.13,24418.39
1/20/2015 15:00,204247.19,23829.18
1/20/2015 16:00,175877.04,22154.78
1/20/2015 17:00,215944.71,28672.22
1/20/2015 18:00,276839.47,38528.26
1/20/2015 19:00,264391.09,38609.44
1/20/2015 20:00,264398.3,39347.02
1/20/2015 21:00,274129.18,41185.2
1/20/2015 22:00,244174.01,36260.44
1/20/2015 23:00,173644.4,24428.65
1/21/2015 0:00,111079.51,14421.57
1/21/2015 1:00,69941.5,8839.97
1/21/2015 2:00,44259.76,5156.69
1/21/2015 3:00,30078.97,3217.59
1/21/2015 4:00,30247.53,2944.34
1/21/2015 5:00,41621,5102.54
1/21/2015 6:00,106892.14,13268.26
1/21/2015 7:00,210123.53,27510.24
1/21/2015 8:00,258543.71,35370.14
1/21/2015 9:00,242706.96,33149.76
1/21/2015 10:00,213138.97,27167.31
1/21/2015 11:00,200628.94,25451.74
1/21/2015 12:00,207814.7,25706.13
1/21/2015 13:00,202242.81,25109.35
1/21/2015 14:00,217537.73,26822.43
1/21/2015 15:00,206138.81,25301.7
1/21/2015 16:00,176274.29,22907.86
1/21/2015 17:00,225846.27,31140.44
1/21/2015 18:00,285119.57,41240.65
1/21/2015 19:00,283165.8,41606.93
1/21/2015 20:00,277366.25,41778.94
1/21/2015 21:00,287659.36,44426.58
1/21/2015 22:00,269905.8,41149.08
1/21/2015 23:00,196775.73,28694.78
1/22/2015 0:00,126540.35,17413.11
1/22/2015 1:00,78949.4,9423.92
1/22/2015 2:00,45484.1,4972.52
1/22/2015 3:00,34134.31,3630.84
1/22/2015 4:00,31987.3,3217.01
1/22/2015 5:00,41840.34,5317.07
1/22/2015 6:00,107690.15,13626.12
1/22/2015 7:00,208067.31,27657.25
1/22/2015 8:00,260995.86,36826.8
1/22/2015 9:00,243524.91,33062.08
1/22/2015 10:00,208779.64,27181
1/22/2015 11:00,202086.9,25472.31
1/22/2015 12:00,211338.32,27375.5
1/22/2015 13:00,199777.97,25192.62
1/22/2015 14:00,222817.38,27811.85
1/22/2015 15:00,216181.65,26559.32
1/22/2015 16:00,176885.8,22900.26
1/22/2015 17:00,224848.09,30713.11
1/22/2015 18:00,295177.06,42104.28
1/22/2015 19:00,313340.38,45789.44
1/22/2015 20:00,300780.74,44511.47
1/22/2015 21:00,325170.52,49053.07
1/22/2015 22:00,317506.08,48006.97
1/22/2015 23:00,272901.35,39703.05
1/23/2015 0:00,187814.52,26832.71
1/23/2015 1:00,121200.14,15745.92
1/23/2015 2:00,80874.81,9812.38
1/23/2015 3:00,55523.27,6137.93
1/23/2015 4:00,45601.23,4573.34
1/23/2015 5:00,47282.9,5712.89
1/23/2015 6:00,108181,13759.5
1/23/2015 7:00,208124.8,27671.86
1/23/2015 8:00,259645.3,35701.8
1/23/2015 9:00,245050.48,33252.32
1/23/2015 10:00,210028.84,26749.25
1/23/2015 11:00,210093.05,26198.54
1/23/2015 12:00,217714.92,27650.54
1/23/2015 13:00,211816.23,25582.26
1/23/2015 14:00,229551.18,27606.35
1/23/2015 15:00,220914.63,26246.78
1/23/2015 16:00,179726.57,22991.28
1/23/2015 17:00,231369.48,30280.46
1/23/2015 18:00,298943.27,41052.03
1/23/2015 19:00,321313.31,45256.91
1/23/2015 20:00,305047.8,43256.35
1/23/2015 21:00,299220.41,41507.69
1/23/2015 22:00,323300.22,44356.53
1/23/2015 23:00,328503.08,45445.1
1/24/2015 0:00,313095.05,43189.79
1/24/2015 1:00,264481.61,36962.21
1/24/2015 2:00,187941.2,24910.97
1/24/2015 3:00,137279.94,17720.08
1/24/2015 4:00,90051.63,9536.31
1/24/2015 5:00,46796.73,4661.94
1/24/2015 6:00,54819.61,6130.84
1/24/2015 7:00,68899.83,7569.13
1/24/2015 8:00,98646.3,12186.54
1/24/2015 9:00,138133.81,17205.06
1/24/2015 10:00,161189.85,19875.2
1/24/2015 11:00,187538.56,23579.19
1/24/2015 12:00,206352.13,25272.14
1/24/2015 13:00,209294.41,25546.98
1/24/2015 14:00,199207.52,24015.78
1/24/2015 15:00,205796.12,24815.72
1/24/2015 16:00,206609.16,24727.77
1/24/2015 17:00,232118.04,27998.4
1/24/2015 18:00,266359.56,33240.85
1/24/2015 19:00,284525.05,35620.14
1/24/2015 20:00,238624.62,31802.05
1/24/2015 21:00,239905.34,31665.66
1/24/2015 22:00,288745.68,38165.45
1/24/2015 23:00,317998.86,42937.06
1/25/2015 0:00,304913.99,41784.47
1/25/2015 1:00,276527.87,38983.42
1/25/2015 2:00,241053.14,33726.54
1/25/2015 3:00,191068.83,25349.24
1/25/2015 4:00,117347.4,12952.3
1/25/2015 5:00,52462.35,5176.54
1/25/2015 6:00,51584.13,5438.88
1/25/2015 7:00,62405.56,7069.09
1/25/2015 8:00,76834.47,8859.56
1/25/2015 9:00,117247.3,13949.5
1/25/2015 10:00,162242.35,19625.84
1/25/2015 11:00,193949.82,23839.92
1/25/2015 12:00,220414.84,26844.07
1/25/2015 13:00,227604.2,27577.29
1/25/2015 14:00,225789.82,26549.11
1/25/2015 15:00,213029.6,25909.47
1/25/2015 16:00,208128.33,25711.95
1/25/2015 17:00,214648.19,26108.69
1/25/2015 18:00,225615.6,28788.86
1/25/2015 19:00,198666.27,25487.06
1/25/2015 20:00,176577.07,23688.55
1/25/2015 21:00,173209.44,23506.37
1/25/2015 22:00,148937.67,19702.94
1/25/2015 23:00,128796.71,16279.05
1/26/2015 0:00,88018.1,10477.91
1/26/2015 1:00,56527.18,6105.72
1/26/2015 2:00,35348.61,3540.63
1/26/2015 3:00,30156.61,2928.27
1/26/2015 4:00,33109.84,3339.52
1/26/2015 5:00,48040.79,5943.52
1/26/2015 6:00,112240.15,13922.04
1/26/2015 7:00,193146.41,25036.72
1/26/2015 8:00,233279.62,31309.51
1/26/2015 9:00,207732.83,27032.86
1/26/2015 10:00,164236.94,20211.89
1/26/2015 11:00,155789.63,19267.16
1/26/2015 12:00,163586.97,19934.51
1/26/2015 13:00,173880.8,21360.37
1/26/2015 14:00,174906.81,21269.39
1/26/2015 15:00,122995.7,14800.07
1/26/2015 16:00,77889.51,10268.74
1/26/2015 17:00,61991.83,9035.24
1/26/2015 18:00,60792.88,8969.29
1/26/2015 19:00,49440.4,7102.86
1/26/2015 20:00,38602.3,5547.52
1/26/2015 21:00,32517.4,4452.16
1/26/2015 22:00,14170.5,1817.51
1/26/2015 23:00,3506,397.5
1/27/2015 0:00,1426.5,131.81
1/27/2015 1:00,603,56.86
1/27/2015 2:00,508.2,83.73
1/27/2015 3:00,177,17.86
1/27/2015 4:00,217.8,23.2
1/27/2015 5:00,617.3,33.3
1/27/2015 6:00,1718,183.5
1/27/2015 7:00,4395,570.31
1/27/2015 8:00,12836,1778.88
1/27/2015 9:00,21986.4,3031.54
1/27/2015 10:00,33926.85,4145.17
1/27/2015 11:00,39833.02,5108.03
1/27/2015 12:00,46328.5,5671.42
1/27/2015 13:00,49313.5,5897.17
1/27/2015 14:00,56104.3,6527.69
1/27/2015 15:00,65752.51,7673.64
1/27/2015 16:00,78254.27,10222.21
1/27/2015 17:00,99502.55,13725.16
1/27/2015 18:00,125650.78,17955.12
1/27/2015 19:00,116125.75,16771.9
1/27/2015 20:00,108099.35,15116.94
1/27/2015 21:00,119497.22,16669.66
1/27/2015 22:00,111963.66,15319.76
1/27/2015 23:00,96105.71,12434.51
1/28/2015 0:00,60870.6,7652.55
1/28/2015 1:00,37325.3,4398.71
1/28/2015 2:00,25740.74,2630.07
1/28/2015 3:00,18504.88,1765.37
1/28/2015 4:00,19759.74,1853.08
1/28/2015 5:00,36655.05,4572.18
1/28/2015 6:00,101685.73,12412.47
1/28/2015 7:00,193244.01,24812.78
1/28/2015 8:00,238596.91,32126.15
1/28/2015 9:00,216644.09,29342.26
1/28/2015 10:00,176850.41,21756.3
1/28/2015 11:00,167934.9,20976.43
1/28/2015 12:00,169838.4,20937.06
1/28/2015 13:00,172056.17,21041.68
1/28/2015 14:00,193405.93,23431.07
1/28/2015 15:00,193618.85,23141.98
1/28/2015 16:00,166338.17,20835.01
1/28/2015 17:00,213820.22,28631.41
1/28/2015 18:00,275538.32,38794.04
1/28/2015 19:00,275130.06,39873.41
1/28/2015 20:00,265560.88,39799.7
1/28/2015 21:00,270592.65,40739.68
1/28/2015 22:00,266055.45,39668.34
1/28/2015 23:00,191703.11,27355.61
1/29/2015 0:00,127715.29,17355.22
1/29/2015 1:00,73212.57,9005.29
1/29/2015 2:00,48623.59,5753.67
1/29/2015 3:00,33740.05,3772.6
1/29/2015 4:00,31754.35,3214.6
1/29/2015 5:00,43363.8,5216.34
1/29/2015 6:00,112387.61,14188.61
1/29/2015 7:00,211835.06,27394.54
1/29/2015 8:00,260210.17,35762.86
1/29/2015 9:00,246983.74,33234.06
1/29/2015 10:00,218442.84,28001.19
1/29/2015 11:00,211884.85,26365.78
1/29/2015 12:00,222330.98,27516.57
1/29/2015 13:00,216767.01,26815.73
1/29/2015 14:00,233424.12,28271.78
1/29/2015 15:00,230144.83,27592.53
1/29/2015 16:00,181907.63,23197.76
1/29/2015 17:00,224186.96,29854.16
1/29/2015 18:00,289932.11,40905.26
1/29/2015 19:00,296806.41,43628.11
1/29/2015 20:00,301166.33,45184.51
1/29/2015 21:00,313575.75,47229.08
1/29/2015 22:00,308569.22,45792.85
1/29/2015 23:00,273778.32,39570.45
1/30/2015 0:00,184789.2,25109.66
1/30/2015 1:00,113221.04,15327.32
1/30/2015 2:00,75110.82,8966.13
1/30/2015 3:00,50989.19,5377.26
1/30/2015 4:00,43595.26,4289.2
1/30/2015 5:00,47843.6,5667.02
1/30/2015 6:00,113675.12,14147.67
1/30/2015 7:00,220690.68,28671.54
1/30/2015 8:00,266725.78,36621.25
1/30/2015 9:00,251099.42,34206.97
1/30/2015 10:00,222429.49,28280.76
1/30/2015 11:00,227464.2,28342.77
1/30/2015 12:00,219839.02,26696.67
1/30/2015 13:00,216559.77,26747.16
1/30/2015 14:00,240036.89,28928.06
1/30/2015 15:00,222191.48,26845.52
1/30/2015 16:00,180643.23,23067.66
1/30/2015 17:00,237723.26,31092.83
1/30/2015 18:00,302130.82,42048.58
1/30/2015 19:00,336227.4,47880.55
1/30/2015 20:00,331488.68,46997.64
1/30/2015 21:00,328871.12,46429.58
1/30/2015 22:00,341941.39,47436.06
1/30/2015 23:00,351172.04,48528.98
1/31/2015 0:00,330199.59,45685.39
1/31/2015 1:00,272849.22,37876
1/31/2015 2:00,218377.27,29683.78
1/31/2015 3:00,165321.25,21824.8
1/31/2015 4:00,106595.41,11153.29
1/31/2015 5:00,52694.94,5696.3
1/31/2015 6:00,55614.05,6112.07
1/31/2015 7:00,75773.47,8685
1/31/2015 8:00,114756.11,14075.59
1/31/2015 9:00,173273.4,21471.72
1/31/2015 10:00,201336.93,24846.56
1/31/2015 11:00,235344.69,29397.94
1/31/2015 12:00,257155.94,31930.54
1/31/2015 13:00,262205.83,32346.24
1/31/2015 14:00,247063.51,29789.43
1/31/2015 15:00,251667.21,30361.25
1/31/2015 16:00,230784.32,27817.86
1/31/2015 17:00,256162.59,31387.67
1/31/2015 18:00,315316.16,39401.51
1/31/2015 19:00,336944.48,42869.01
1/31/2015 20:00,289062.23,38170.27
1/31/2015 21:00,292167.51,38503.71
1/31/2015 22:00,324005.81,43226.38
1/31/2015 23:00,333189.79,44779.8
2/1/2015 0:00,327102.9,44738.13
2/1/2015 1:00,292980.31,40053.36
2/1/2015 2:00,246986.44,33938.98
2/1/2015 3:00,190563.07,24548.28
2/1/2015 4:00,122997.65,13142.46
2/1/2015 5:00,53048.01,5451.46
2/1/2015 6:00,51460.72,5488.3
2/1/2015 7:00,55791.3,6542.83
2/1/2015 8:00,87897.4,10690.66
2/1/2015 9:00,120440.5,14402.29
2/1/2015 10:00,161850.74,19758.74
2/1/2015 11:00,186442.11,22993.8
2/1/2015 12:00,209024.19,25886.97
2/1/2015 13:00,218593.54,26894.63
2/1/2015 14:00,214206.5,26623.68
2/1/2015 15:00,213109.52,26706.32
2/1/2015 16:00,219552.76,27893.1
2/1/2015 17:00,272277.31,37035.18
2/1/2015 18:00,246342.26,32888.26
2/1/2015 19:00,151962.71,18838.53
2/1/2015 20:00,151809.24,19796.03
2/1/2015 21:00,142978.39,18859.46
2/1/2015 22:00,268150.98,38694.51
2/1/2015 23:00,185584.22,24127.79
2/2/2015 0:00,106997.95,13061.42
2/2/2015 1:00,63073.97,7370.05
2/2/2015 2:00,38872.8,3899.51
2/2/2015 3:00,24727.31,2329.54
2/2/2015 4:00,26572.79,2218.72
2/2/2015 5:00,37046.52,4330.36
2/2/2015 6:00,82040.76,10203.13
2/2/2015 7:00,153268.38,19378.53
2/2/2015 8:00,192350.61,26145.13
2/2/2015 9:00,190022.36,25012.36
2/2/2015 10:00,173666.83,21719.85
2/2/2015 11:00,160695.87,19829.48
2/2/2015 12:00,161836,19229.89
2/2/2015 13:00,164084.65,20086.37
2/2/2015 14:00,185592.27,22681.21
2/2/2015 15:00,167096.18,19825.55
2/2/2015 16:00,148152.39,19318.16
2/2/2015 17:00,178366.01,23985.17
2/2/2015 18:00,210371.07,30464.06
2/2/2015 19:00,210173.82,30581.94
2/2/2015 20:00,208481.56,30849.2
2/2/2015 21:00,200699.3,30334.38
2/2/2015 22:00,181711.95,26353.74
2/2/2015 23:00,141088.76,19349.23
2/3/2015 0:00,97215.3,12738.37
2/3/2015 1:00,59755.33,7653.32
2/3/2015 2:00,37845.28,4638.73
2/3/2015 3:00,26414,2796.91
2/3/2015 4:00,29566.81,3124.49
2/3/2015 5:00,46859.13,5846.29
2/3/2015 6:00,107102.46,13696.5
2/3/2015 7:00,195504.89,24664.98
2/3/2015 8:00,251272.36,34259
2/3/2015 9:00,256262.71,34669.04
2/3/2015 10:00,244750,31671.97
2/3/2015 11:00,235352.6,29433.28
2/3/2015 12:00,226585.56,28491.75
2/3/2015 13:00,224673.71,27957.61
2/3/2015 14:00,231892.39,28405.31
2/3/2015 15:00,232088.87,28284.83
2/3/2015 16:00,186142.79,23625
2/3/2015 17:00,231254.88,31090.42
2/3/2015 18:00,294703.65,41285.91
2/3/2015 19:00,286644.3,41456.73
2/3/2015 20:00,287849.4,42184.77
2/3/2015 21:00,294621.45,45036.21
2/3/2015 22:00,271882.66,41289.38
2/3/2015 23:00,203394.7,29086.3
2/4/2015 0:00,124013.12,16896.14
2/4/2015 1:00,74277.12,9388.12
2/4/2015 2:00,43925.48,4994.76
2/4/2015 3:00,31363.11,3207.16
2/4/2015 4:00,29796.75,3054.4
2/4/2015 5:00,42045.16,5064.62
2/4/2015 6:00,110931.08,14112.53
2/4/2015 7:00,215858.4,28146.2
2/4/2015 8:00,266494.91,36678.17
2/4/2015 9:00,256670.13,35331.56
2/4/2015 10:00,225433.81,29045.14
2/4/2015 11:00,222942.87,28757.24
2/4/2015 12:00,225861.57,28319.24
2/4/2015 13:00,228252.99,27951.39
2/4/2015 14:00,237045.93,29364.48
2/4/2015 15:00,215823.93,26012.75
2/4/2015 16:00,167920.36,21837.93
2/4/2015 17:00,209674.01,27953.09
2/4/2015 18:00,262779.16,37256.51
2/4/2015 19:00,288898.69,42023.52
2/4/2015 20:00,284162.54,42967.58
2/4/2015 21:00,292741.25,44545.5
2/4/2015 22:00,281646.41,43088.07
2/4/2015 23:00,217005.28,31571.9
2/5/2015 0:00,147725.5,20463.43
2/5/2015 1:00,84269.4,10688.08
2/5/2015 2:00,52127.81,6277.52
2/5/2015 3:00,35686.91,3733.71
2/5/2015 4:00,31351.67,3031.61
2/5/2015 5:00,44103,5413.77
2/5/2015 6:00,112637.32,14289.41
2/5/2015 7:00,215249.99,29333.68
2/5/2015 8:00,268812.85,37357.11
2/5/2015 9:00,256806.36,35455.09
2/5/2015 10:00,223712.09,29481.46
2/5/2015 11:00,222247.4,28621.66
2/5/2015 12:00,227608.4,29144.39
2/5/2015 13:00,223258.97,28418
2/5/2015 14:00,238511.27,29734.94
2/5/2015 15:00,225488.27,27996.83
2/5/2015 16:00,177512.07,23730.44
2/5/2015 17:00,224424.19,30669.6
2/5/2015 18:00,294682.95,41907
2/5/2015 19:00,310987.26,45620.81
2/5/2015 20:00,323350.11,48203.99
2/5/2015 21:00,337407.73,50706.51
2/5/2015 22:00,319303.72,48137.19
2/5/2015 23:00,277381.32,40344.77
2/6/2015 0:00,190017.36,26326.39
2/6/2015 1:00,117060.07,16365.62
2/6/2015 2:00,78079.99,9454.21
2/6/2015 3:00,53495.92,5839.29
2/6/2015 4:00,43978.4,4504.44
2/6/2015 5:00,47851.33,5856.32
2/6/2015 6:00,116991.44,14678.45
2/6/2015 7:00,220261.91,28695.51
2/6/2015 8:00,266838.94,36784.61
2/6/2015 9:00,261173.37,35459.62
2/6/2015 10:00,234866.79,30420.05
2/6/2015 11:00,238156.96,30044.79
2/6/2015 12:00,238436.93,29874.67
2/6/2015 13:00,232822.61,29033.55
2/6/2015 14:00,248470.75,30327.11
2/6/2015 15:00,226242.11,27367.57
2/6/2015 16:00,177312.2,22279.27
2/6/2015 17:00,234748.86,31081.87
2/6/2015 18:00,307621.05,43074.77
2/6/2015 19:00,325805.96,46646.83
2/6/2015 20:00,316663.3,44752.33
2/6/2015 21:00,309108.62,43147.34
2/6/2015 22:00,318208.2,44065.96
2/6/2015 23:00,326464.6,45089.39
2/7/2015 0:00,315733.16,42424.82
2/7/2015 1:00,260304.03,35733.89
2/7/2015 2:00,213031.08,29357.24
2/7/2015 3:00,162772.77,20332.36
2/7/2015 4:00,104890.4,11322.3
2/7/2015 5:00,51058.6,5123.33
2/7/2015 6:00,56979.23,6068.8
2/7/2015 7:00,73743.03,8747.7
2/7/2015 8:00,110279.32,13663.15
2/7/2015 9:00,155767.72,19115.1
2/7/2015 10:00,190075.44,23712.3
2/7/2015 11:00,233806.41,28794.75
2/7/2015 12:00,240327.63,29313.44
2/7/2015 13:00,246300.56,30119.81
2/7/2015 14:00,232804.24,28244.65
2/7/2015 15:00,225506.08,26984
2/7/2015 16:00,210424.39,25030.13
2/7/2015 17:00,241731.95,29111.9
2/7/2015 18:00,296024.35,36713.85
2/7/2015 19:00,311755.32,39171.46
2/7/2015 20:00,268475.5,35680.38
2/7/2015 21:00,269645.8,35229.64
2/7/2015 22:00,317898.13,41635.21
2/7/2015 23:00,344461.83,45790.82
2/8/2015 0:00,330439.92,45017.07
2/8/2015 1:00,300643.5,40955.25
2/8/2015 2:00,265941.27,35944.13
2/8/2015 3:00,206635.08,26851.71
2/8/2015 4:00,137722.75,15204.46
2/8/2015 5:00,60654.69,5638.49
2/8/2015 6:00,54518.54,5613.68
2/8/2015 7:00,53383.76,5832.87
2/8/2015 8:00,75670.92,8800.6
2/8/2015 9:00,114505.17,13745.19
2/8/2015 10:00,155419.54,19217.91
2/8/2015 11:00,187711.33,23619.32
2/8/2015 12:00,216364.29,27257.1
2/8/2015 13:00,232817.96,29318.26
2/8/2015 14:00,229103.29,28077.88
2/8/2015 15:00,224217.05,27614.15
2/8/2015 16:00,210602.94,26266.87
2/8/2015 17:00,210186.24,26622.51
2/8/2015 18:00,218770.01,28025.21
2/8/2015 19:00,198729.85,26120.4
2/8/2015 20:00,171327.71,23309.31
2/8/2015 21:00,162993.26,21918.22
2/8/2015 22:00,141454.6,18569.83
2/8/2015 23:00,124342.82,15795.97
2/9/2015 0:00,86119.11,10488.67
2/9/2015 1:00,49847.57,5590.75
2/9/2015 2:00,33168.75,3472.33
2/9/2015 3:00,23081.73,2295.29
2/9/2015 4:00,25348.45,2403.6
2/9/2015 5:00,40516.48,4654.08
2/9/2015 6:00,109356.65,13645.56
2/9/2015 7:00,192188.76,24955.29
2/9/2015 8:00,226372.53,30744.6
2/9/2015 9:00,207971.48,27871.66
2/9/2015 10:00,182034.04,23332.32
2/9/2015 11:00,164445.33,20124.93
2/9/2015 12:00,170662.25,21184.45
2/9/2015 13:00,167252.69,20825.02
2/9/2015 14:00,180302.24,22313.35
2/9/2015 15:00,184948.64,22417.79
2/9/2015 16:00,165694.84,21913.99
2/9/2015 17:00,204845.93,28365.41
2/9/2015 18:00,251798.88,36921.54
2/9/2015 19:00,247330.44,37564.18
2/9/2015 20:00,246395.81,37299.66
2/9/2015 21:00,241576.66,36872.1
2/9/2015 22:00,206884.06,31126.31
2/9/2015 23:00,157264.08,22739.39
2/10/2015 0:00,95258.05,12753.41
2/10/2015 1:00,54491.5,7137.24
2/10/2015 2:00,38146.1,4391.16
2/10/2015 3:00,26768.02,2945.78
2/10/2015 4:00,26926.05,2371.25
2/10/2015 5:00,43761.23,5385.36
2/10/2015 6:00,113414.82,14420.93
2/10/2015 7:00,210787.15,27635.43
2/10/2015 8:00,254911.56,35692.92
2/10/2015 9:00,240592.83,32628.68
2/10/2015 10:00,215226.64,27936.07
2/10/2015 11:00,208504.4,26173.28
2/10/2015 12:00,209341.71,26514.04
2/10/2015 13:00,202095.78,25208.77
2/10/2015 14:00,214190.71,26428.5
2/10/2015 15:00,206593.26,25750.1
2/10/2015 16:00,173874.8,23014.38
2/10/2015 17:00,225846.2,31605.84
2/10/2015 18:00,288088.19,41513.74
2/10/2015 19:00,288402.77,42880.24
2/10/2015 20:00,289309.42,44052.21
2/10/2015 21:00,302443.43,46243.22
2/10/2015 22:00,274712.62,42683.1
2/10/2015 23:00,207126.99,30923.98
2/11/2015 0:00,130201.52,18467.86
2/11/2015 1:00,72780.56,9594.4
2/11/2015 2:00,48825.29,5831.36
2/11/2015 3:00,32488.1,3498.39
2/11/2015 4:00,30408.1,2913.77
2/11/2015 5:00,43932.81,5561.58
2/11/2015 6:00,114602.52,14567.14
2/11/2015 7:00,222976.76,30251.7
2/11/2015 8:00,265322.34,37139.1
2/11/2015 9:00,255087.32,35823.81
2/11/2015 10:00,223323.76,29789.38
2/11/2015 11:00,225914.94,29594.09
2/11/2015 12:00,236667.6,29753.83
2/11/2015 13:00,219596.69,27658.97
2/11/2015 14:00,238038.7,29768.28
2/11/2015 15:00,227887.5,28444.95
2/11/2015 16:00,180346.07,23922.12
2/11/2015 17:00,232514.23,31720.44
2/11/2015 18:00,293537.94,42168.49
2/11/2015 19:00,310130.76,45479.65
2/11/2015 20:00,308017.39,46463.37
2/11/2015 21:00,317131.05,48371.76
2/11/2015 22:00,298973.93,46058.2
2/11/2015 23:00,239064.33,35721.9
2/12/2015 0:00,155337.62,21739.76
2/12/2015 1:00,91941.65,11942.16
2/12/2015 2:00,59897.13,7147.54
2/12/2015 3:00,39968.24,4327.06
2/12/2015 4:00,36535.11,3684.4
2/12/2015 5:00,43878.63,5568.41
2/12/2015 6:00,113656.67,14698.2
2/12/2015 7:00,219546.21,29547.58
2/12/2015 8:00,272820.18,38371.16
2/12/2015 9:00,256996.46,36308.67
2/12/2015 10:00,225315.43,29879.72
2/12/2015 11:00,231678.52,30450.77
2/12/2015 12:00,235622.57,30489.17
2/12/2015 13:00,225527.9,28935.36
2/12/2015 14:00,244429.84,31362.4
2/12/2015 15:00,228965.24,28198.57
2/12/2015 16:00,180082.11,23659.87
2/12/2015 17:00,239041.41,32566.52
2/12/2015 18:00,301912.65,42160.72
2/12/2015 19:00,323828.76,46762.46
2/12/2015 20:00,326313.9,46965.24
2/12/2015 21:00,338403.68,49470.93
2/12/2015 22:00,333089.41,48739.04
2/12/2015 23:00,304766.05,44575.21
2/13/2015 0:00,242737.43,33147.94
2/13/2015 1:00,156149.22,20345.83
2/13/2015 2:00,99799.86,12334.1
2/13/2015 3:00,74709.9,8148.73
2/13/2015 4:00,57213.34,5791.42
2/13/2015 5:00,56815.14,6915.33
2/13/2015 6:00,124395.31,15938.75
2/13/2015 7:00,226705.44,30033.98
2/13/2015 8:00,273113.19,37891.56
2/13/2015 9:00,273077.08,37372.58
2/13/2015 10:00,253471.35,33219.59
2/13/2015 11:00,260160.07,32876.5
2/13/2015 12:00,255392.99,31880.97
2/13/2015 13:00,249639.57,31037.53
2/13/2015 14:00,264163.38,32489.31
2/13/2015 15:00,233866.88,27775.23
2/13/2015 16:00,184644.63,22992.53
2/13/2015 17:00,240092.04,31095.86
2/13/2015 18:00,304420.25,40200.34
2/13/2015 19:00,334005.15,46178.51
2/13/2015 20:00,337947.62,45562.03
2/13/2015 21:00,333469.71,43944.38
2/13/2015 22:00,337350.26,44992.63
2/13/2015 23:00,340397.97,44692.07
2/14/2015 0:00,325470.35,42747.28
2/14/2015 1:00,285642.95,36879.59
2/14/2015 2:00,234902.52,30749.1
2/14/2015 3:00,189877.74,21921.79
2/14/2015 4:00,129304.83,13032.02
2/14/2015 5:00,62100.05,5894.96
2/14/2015 6:00,65480.99,7269.96
2/14/2015 7:00,81071.13,9875.96
2/14/2015 8:00,121313.83,15121.67
2/14/2015 9:00,169772.56,20826.93
2/14/2015 10:00,200598.33,24673.22
2/14/2015 11:00,236349.83,28825.26
2/14/2015 12:00,255336.94,30629.36
2/14/2015 13:00,274643.04,32886.39
2/14/2015 14:00,270878.64,31838.74
2/14/2015 15:00,265485.48,30613.37
2/14/2015 16:00,228736.12,26421.57
2/14/2015 17:00,256763.63,30060.93
2/14/2015 18:00,311984.57,37463.96
2/14/2015 19:00,332274,40203.08
2/14/2015 20:00,299475.62,38021.81
2/14/2015 21:00,288771.83,35905.42
2/14/2015 22:00,313606.02,39003.91
2/14/2015 23:00,327912.7,40167.24
2/15/2015 0:00,300741.14,37303.94
2/15/2015 1:00,267889.31,33132.48
2/15/2015 2:00,235194.79,28866.75
2/15/2015 3:00,199067.21,23925.15
2/15/2015 4:00,132959.81,13400.27
2/15/2015 5:00,59436.26,5302.03
2/15/2015 6:00,48600.83,4604.19
2/15/2015 7:00,54452.5,5797.35
2/15/2015 8:00,84322.87,10030.54
2/15/2015 9:00,122982.99,14622.51
2/15/2015 10:00,169962.41,20417.56
2/15/2015 11:00,213293.01,26085.2
2/15/2015 12:00,243492.04,29844.53
2/15/2015 13:00,257850.59,31481.04
2/15/2015 14:00,256475.22,30228.42
2/15/2015 15:00,244204.88,28446.94
2/15/2015 16:00,231959.29,27205.61
2/15/2015 17:00,246274.95,29018.67
2/15/2015 18:00,276975.83,33215.69
2/15/2015 19:00,270432.5,33682.6
2/15/2015 20:00,234610.69,29959.78
2/15/2015 21:00,226496.13,29080.51
2/15/2015 22:00,227851.57,28679.78
2/15/2015 23:00,219289.2,27480.72
2/16/2015 0:00,170464.55,21034.51
2/16/2015 1:00,116680.53,14112.89
2/16/2015 2:00,83721.47,9870.11
2/16/2015 3:00,62587.62,6857.41
2/16/2015 4:00,53798.6,4966.1
2/16/2015 5:00,46872.61,5194.4
2/16/2015 6:00,71121.68,8051.23
2/16/2015 7:00,93142.4,11969.46
2/16/2015 8:00,148947.37,19742.37
2/16/2015 9:00,169977.43,22164.36
2/16/2015 10:00,185632.81,22701.39
2/16/2015 11:00,204066.35,22627.62
2/16/2015 12:00,227411.75,27812.4
2/16/2015 13:00,215507.83,25485.65
2/16/2015 14:00,224638.04,26601.79
2/16/2015 15:00,225267.82,25358.46
2/16/2015 16:00,203958.05,25266.87
2/16/2015 17:00,227393.33,28942.04
2/16/2015 18:00,262408.33,34595.02
2/16/2015 19:00,248624.61,33318.21
2/16/2015 20:00,218202.7,29820.92
2/16/2015 21:00,211941.36,29723.2
2/16/2015 22:00,208747.72,28507.32
2/16/2015 23:00,176505.03,22960.21
2/17/2015 0:00,118357.98,15066.72
2/17/2015 1:00,74632.1,9035.84
2/17/2015 2:00,48128.17,5426.69
2/17/2015 3:00,29957.31,2959.87
2/17/2015 4:00,26826.74,2834.68
2/17/2015 5:00,38150.44,4712.1
2/17/2015 6:00,86154.62,10645.39
2/17/2015 7:00,145146.83,18898.39
2/17/2015 8:00,197836.16,26676.16
2/17/2015 9:00,213281.31,27566.51
2/17/2015 10:00,199008.5,24479.33
2/17/2015 11:00,196632.17,23850.55
2/17/2015 12:00,202267.54,23984.4
2/17/2015 13:00,193343.14,23521.53
2/17/2015 14:00,203832.36,23864.76
2/17/2015 15:00,197447.07,23326.36
2/17/2015 16:00,168139.12,20751.25
2/17/2015 17:00,213800.1,28240.16
2/17/2015 18:00,272876.73,37322.05
2/17/2015 19:00,268989.58,39154.81
2/17/2015 20:00,275187.12,40570.84
2/17/2015 21:00,275386.87,41180.3
2/17/2015 22:00,252346.28,36934.01
2/17/2015 23:00,205862.37,29011.44
2/18/2015 0:00,136817.22,18610.3
2/18/2015 1:00,84450.05,10565.51
2/18/2015 2:00,54919.88,6450.75
2/18/2015 3:00,35385.3,3777.99
2/18/2015 4:00,34395.4,3465.49
2/18/2015 5:00,41977.38,5148.87
2/18/2015 6:00,106129.54,13454.38
2/18/2015 7:00,197093.61,26186.66
2/18/2015 8:00,249435.7,34285.17
2/18/2015 9:00,241144.59,32522.88
2/18/2015 10:00,216852.42,27592.34
2/18/2015 11:00,222376.11,26619.74
2/18/2015 12:00,229914.05,27486.25
2/18/2015 13:00,230183.48,26136.27
2/18/2015 14:00,226582.71,27048.85
2/18/2015 15:00,220029.44,25589.1
2/18/2015 16:00,177236.68,21589.56
2/18/2015 17:00,216529.5,28163.9
2/18/2015 18:00,276602.77,38311.86
2/18/2015 19:00,299791.42,42925.59
2/18/2015 20:00,290810.92,42823.54
2/18/2015 21:00,302182.53,45383.56
2/18/2015 22:00,287961.57,42721.69
2/18/2015 23:00,237554.65,34588.09
2/19/2015 0:00,154252.04,21158.92
2/19/2015 1:00,95185.05,12011.07
2/19/2015 2:00,61089.3,7214.22
2/19/2015 3:00,42519.66,4246.57
2/19/2015 4:00,32591.75,3267.07
2/19/2015 5:00,46071.05,5741
2/19/2015 6:00,108831.3,14072.67
2/19/2015 7:00,205727.39,27861.29
2/19/2015 8:00,266153.74,37360.09
2/19/2015 9:00,254689.21,34590.51
2/19/2015 10:00,239763.54,30162.09
2/19/2015 11:00,243090.33,30066.4
2/19/2015 12:00,246532.37,29877.83
2/19/2015 13:00,237143.14,28971.62
2/19/2015 14:00,242292.82,29628.79
2/19/2015 15:00,231828.63,27660.04
2/19/2015 16:00,186636.97,23320.98
2/19/2015 17:00,238517.11,31936.4
2/19/2015 18:00,302860.13,41992.8
2/19/2015 19:00,312557.93,45602.15
2/19/2015 20:00,329548.8,48456.84
2/19/2015 21:00,336130.32,50022.99
2/19/2015 22:00,333311.97,49119.42
2/19/2015 23:00,286774.75,41054.96
2/20/2015 0:00,206477.6,28445.85
2/20/2015 1:00,124950.91,16371.46
2/20/2015 2:00,80115.45,9751.88
2/20/2015 3:00,57307.8,6415.58
2/20/2015 4:00,45549.25,4548.12
2/20/2015 5:00,52293.77,6094.18
2/20/2015 6:00,114688.51,14654.94
2/20/2015 7:00,217190.84,29402.32
2/20/2015 8:00,272341.37,38193.61
2/20/2015 9:00,262827.37,35944.17
2/20/2015 10:00,236324.98,29858.22
2/20/2015 11:00,239350.11,29035.71
2/20/2015 12:00,237389.02,28607.97
2/20/2015 13:00,228024.15,27492.03
2/20/2015 14:00,246577.94,29710.63
2/20/2015 15:00,232387.86,26792.11
2/20/2015 16:00,185654.2,23213.02
2/20/2015 17:00,242901.88,31995.61
2/20/2015 18:00,316672.42,43488.39
2/20/2015 19:00,334445.78,47142.71
2/20/2015 20:00,325470.82,45906.67
2/20/2015 21:00,314273.35,43456.29
2/20/2015 22:00,333997.55,45708.74
2/20/2015 23:00,648826.48,45190.55
2/21/2015 0:00,310375.18,42348.03
2/21/2015 1:00,251572.46,34267.55
2/21/2015 2:00,204665.64,27455.39
2/21/2015 3:00,159228.95,20054.96
2/21/2015 4:00,102205.42,11164.51
2/21/2015 5:00,51483.15,5024.02
2/21/2015 6:00,61076.02,6706.66
2/21/2015 7:00,71649.35,8441.08
2/21/2015 8:00,106547.57,12843.1
2/21/2015 9:00,154657.15,19198.71
2/21/2015 10:00,193001.9,23508.98
2/21/2015 11:00,226816.84,27513.32
2/21/2015 12:00,245415.31,30219.98
2/21/2015 13:00,274886.24,32916.15
2/21/2015 14:00,267813.33,31311.84
2/21/2015 15:00,225909.36,26702.17
2/21/2015 16:00,183574.83,21257.05
2/21/2015 17:00,212236.95,25140.38
2/21/2015 18:00,265575.07,32925.69
2/21/2015 19:00,280578.14,35944.63
2/21/2015 20:00,250870.83,33650.76
2/21/2015 21:00,253102.83,33179.66
2/21/2015 22:00,269776.76,35172.6
2/21/2015 23:00,286560.82,37547.85
2/22/2015 0:00,271401.79,36104.66
2/22/2015 1:00,244443.01,33150.04
2/22/2015 2:00,217226.84,29563.53
2/22/2015 3:00,177635.43,22007.31
2/22/2015 4:00,110902.1,12096.51
2/22/2015 5:00,51898,4905.25
2/22/2015 6:00,51875.3,5558.29
2/22/2015 7:00,63144.99,6706.49
2/22/2015 8:00,90707.61,10710.54
2/22/2015 9:00,123247.57,15263.48
2/22/2015 10:00,174095.32,21378.23
2/22/2015 11:00,211042.05,26649.87
2/22/2015 12:00,230085.34,29049.12
2/22/2015 13:00,226885.28,28408.58
2/22/2015 14:00,227823.21,27799.62
2/22/2015 15:00,214724.26,26388.59
2/22/2015 16:00,200358.44,24403.56
2/22/2015 17:00,220930.84,28011.42
2/22/2015 18:00,252559.09,32755.41
2/22/2015 19:00,225030.96,29516.96
2/22/2015 20:00,171196.29,22652.34
2/22/2015 21:00,162382.76,21483.12
2/22/2015 22:00,172627.75,23157.15
2/22/2015 23:00,140560.14,18166.49
2/23/2015 0:00,171792.7,23653.51
2/23/2015 1:00,65096.13,7399.1
2/23/2015 2:00,41599.61,4323.35
2/23/2015 3:00,30770.61,2964.87
2/23/2015 4:00,28439.02,2720.15
2/23/2015 5:00,48444.55,6019.43
2/23/2015 6:00,112761.75,14338.35
2/23/2015 7:00,201792.46,26225.5
2/23/2015 8:00,247808.73,33443.19
2/23/2015 9:00,234163.31,30979.81
2/23/2015 10:00,200422.75,24918.03
2/23/2015 11:00,193307.69,23760.9
2/23/2015 12:00,202975.36,24580.82
2/23/2015 13:00,197765.84,23660.51
2/23/2015 14:00,220273.54,26514.06
2/23/2015 15:00,221737.82,26206.42
2/23/2015 16:00,196144.15,24941.43
2/23/2015 17:00,243927.04,33356.39
2/23/2015 18:00,301592.88,43416.69
2/23/2015 19:00,295001.23,43019.56
2/23/2015 20:00,283697.58,41975.52
2/23/2015 21:00,278706.25,42444.59
2/23/2015 22:00,252171.08,37935.36
2/23/2015 23:00,176874.93,24972.35
2/24/2015 0:00,118624.25,16013.93
2/24/2015 1:00,68103.98,8662.79
2/24/2015 2:00,41066.44,4925.29
2/24/2015 3:00,27490.1,2910.1
2/24/2015 4:00,24831.66,2488.11
2/24/2015 5:00,42589.3,5261.8
2/24/2015 6:00,123540.24,15718.76
2/24/2015 7:00,232359.69,30207.16
2/24/2015 8:00,385618.9,39087.37
2/24/2015 9:00,267078.77,35833.57
2/24/2015 10:00,235692.29,30456.41
2/24/2015 11:00,227887.22,28742.82
2/24/2015 12:00,232007.29,29278.97
2/24/2015 13:00,218159.02,26886.72
2/24/2015 14:00,238517.16,29939.13
2/24/2015 15:00,230093.1,28107.37
2/24/2015 16:00,185924.95,24280.03
2/24/2015 17:00,232979.75,31804.83
2/24/2015 18:00,293684.24,41931.9
2/24/2015 19:00,294798.77,44010.32
2/24/2015 20:00,300927.2,45447.88
2/24/2015 21:00,312448.98,47808.81
2/24/2015 22:00,284918.24,43129.03
2/24/2015 23:00,217272.13,31741.07
2/25/2015 0:00,142351.44,20098.37
2/25/2015 1:00,78461.22,10059.3
2/25/2015 2:00,50274.27,6373.99
2/25/2015 3:00,33383.41,3608.17
2/25/2015 4:00,29313.34,3052.66
2/25/2015 5:00,45823.4,5556.76
2/25/2015 6:00,114777.01,14723.78
2/25/2015 7:00,223702.28,29734.79
2/25/2015 8:00,268850.45,37643.18
2/25/2015 9:00,253458.22,34899.54
2/25/2015 10:00,224702.2,29267.11
2/25/2015 11:00,223600.12,28151.66
2/25/2015 12:00,231212.85,29013.85
2/25/2015 13:00,221943.22,28059.29
2/25/2015 14:00,240075.08,29848.39
2/25/2015 15:00,220121.44,27039.77
2/25/2015 16:00,175849.58,22880.23
2/25/2015 17:00,228001.09,31078.81
2/25/2015 18:00,285440.92,40256.9
2/25/2015 19:00,297744.11,43886.6
2/25/2015 20:00,297627.58,44462.26
2/25/2015 21:00,309683.46,47528.04
2/25/2015 22:00,300670.11,44881.89
2/25/2015 23:00,240596.32,35985.14
2/26/2015 0:00,161519.91,22579.32
2/26/2015 1:00,93159.17,12106.22
2/26/2015 2:00,58241.4,6996.08
2/26/2015 3:00,40314.42,4655.98
2/26/2015 4:00,34994.06,3545.77
2/26/2015 5:00,47482.17,5870.96
2/26/2015 6:00,118984.74,15267.6
2/26/2015 7:00,232796.2,31096.04
2/26/2015 8:00,281395.38,39481.19
2/26/2015 9:00,271080.02,38537.79
2/26/2015 10:00,230353.33,30285.13
2/26/2015 11:00,225877.49,29119.39
2/26/2015 12:00,235168.65,29716.39
2/26/2015 13:00,239920.41,30498.41
2/26/2015 14:00,246165.97,30853.69
2/26/2015 15:00,230351.24,27889.93
2/26/2015 16:00,180759.43,23944.16
2/26/2015 17:00,235296.15,32063.04
2/26/2015 18:00,296416.18,42276.7
2/26/2015 19:00,314519.43,46201.37
2/26/2015 20:00,326776.94,48358.07
2/26/2015 21:00,331637.67,49590.58
2/26/2015 22:00,327233.49,48836.23
2/26/2015 23:00,294642.96,43373.4
2/27/2015 0:00,207251.67,29030.17
2/27/2015 1:00,133827.96,18241.92
2/27/2015 2:00,85295.44,10579.47
2/27/2015 3:00,61326.85,6906.42
2/27/2015 4:00,47497.26,4854.13
2/27/2015 5:00,54332.41,6534.89
2/27/2015 6:00,119046.31,15179.44
2/27/2015 7:00,220863.86,29388.09
2/27/2015 8:00,270900.63,37263.33
2/27/2015 9:00,265152.05,35779.33
2/27/2015 10:00,228904.82,29205.35
2/27/2015 11:00,228144.62,28319.44
2/27/2015 12:00,234093.85,29364.97
2/27/2015 13:00,230309.73,28030.77
2/27/2015 14:00,248976.98,29363.52
2/27/2015 15:00,228822.31,27127.92
2/27/2015 16:00,186619.97,23034.97
2/27/2015 17:00,241644.97,31466.06
2/27/2015 18:00,303503.48,41655.45
2/27/2015 19:00,334891.32,46703.73
2/27/2015 20:00,325229.11,45483.63
2/27/2015 21:00,322625.56,44370.47
2/27/2015 22:00,347354.57,47730.62
2/27/2015 23:00,355329.15,48486.24
2/28/2015 0:00,322493.39,43783.34
2/28/2015 1:00,269333.45,36652.22
2/28/2015 2:00,220764.26,29400.73
2/28/2015 3:00,170238.44,21403.39
2/28/2015 4:00,110456.97,11873.73
2/28/2015 5:00,56199.45,5783.73
2/28/2015 6:00,61921.25,6542.45
2/28/2015 7:00,74491.15,8500.34
2/28/2015 8:00,115065.68,13620.16
2/28/2015 9:00,162048.84,19696.69
2/28/2015 10:00,196151.09,23954.43
2/28/2015 11:00,229525.51,28324.77
2/28/2015 12:00,250150.64,30431.32
2/28/2015 13:00,253376.51,30507.89
2/28/2015 14:00,246821.09,29364.92
2/28/2015 15:00,243624.33,28723.91
2/28/2015 16:00,216188.52,25232.94
2/28/2015 17:00,249219.5,29253.57
2/28/2015 18:00,314146.05,37613.83
2/28/2015 19:00,334805.84,41577.51
2/28/2015 20:00,292675.86,38005.42
2/28/2015 21:00,289792.86,37286.92
2/28/2015 22:00,326778.88,41455.05
2/28/2015 23:00,350497.36,45114.03